created_at,id,id_str,full_text,truncated,display_text_range,entities,metadata,source,in_reply_to_status_id,in_reply_to_status_id_str,in_reply_to_user_id,in_reply_to_user_id_str,in_reply_to_screen_name,geo,coordinates,place,contributors,is_quote_status,retweet_count,favorite_count,favorited,retweeted,lang,possibly_sensitive,quoted_status_id,quoted_status_id_str,quoted_status,text,favorited_by,scopes,display_text_width,retweeted_status,quoted_status_permalink,quote_count,timestamp_ms,reply_count,filter_level,query,withheld_scope,withheld_copyright,withheld_in_countries,possibly_sensitive_appealable
2022-11-27T05:41:02Z,1596740863044235300,1596740863044235265,"@CassidyRoweLea @dpinsen @david__moser @phl43 guess what, like 90% of those that got it were the chinese players and staff who had CoronaVac/Sinopharm. And note that the CN teams were the most careful about wearing masks/avoiding contact, etc. That's just an anecdote, but i feel the vaccines are way worse than what we  have.",FALSE,326,,,"<a href=""https://mobile.twitter.com"" rel=""nofollow"">Twitter Web App</a>",1.5967403704400159e+18,1596740370440015872,2351919157,2351919157,justincbzz,,,,NA,FALSE,0,0,FALSE,FALSE,en,NA,NA,NA,,"@CassidyRoweLea @dpinsen @david__moser @phl43 guess what, like 90% of those that got it were the chinese players and staff who had CoronaVac/Sinopharm. And note that the CN teams were the most careful about wearing masks/avoiding contact, etc. That's just an anecdote, but i feel the vaccines are way worse than what we  have.",NA,NA,NA,NA,NA,NA,NA,NA,NA,NA,NA,NA,NA,NA
2022-11-27T05:17:39Z,1596734978943250400,1596734978943250432,"@PanchoElicer @AndyBxxx There are local companies manufacturing mRNA jabs - Sinopharm, Abiogen and Walvax, but at varying degrees of clinical trials. Fosun Pharma and BioNTech have just signed a venture to manufacture such jabs, but also at clinical trial stages. Vaccination rates are very high",FALSE,295,,,"<a href=""http://twitter.com/download/iphone"" rel=""nofollow"">Twitter for iPhone</a>",1596350207452942300,1596350207452942336,99314615,99314615,PanchoElicer,,,,NA,FALSE,0,0,FALSE,FALSE,en,NA,NA,NA,,"@PanchoElicer @AndyBxxx There are local companies manufacturing mRNA jabs - Sinopharm, Abiogen and Walvax, but at varying degrees of clinical trials. Fosun Pharma and BioNTech have just signed a venture to manufacture such jabs, but also at clinical trial stages. Vaccination rates are very high",NA,NA,NA,NA,NA,NA,NA,NA,NA,NA,NA,NA,NA,NA
2022-11-27T01:00:01Z,1596670143513464800,1596670143513464832,"Chinese drugmaker Sinopharm said that it is developing three potential mRNA vaccines for #monkeypox.The experimental vaccines have been shown in a study to significantly evoke specific antibodies against monkeypox in mice, the company said in a statement.
https://t.co/8MtTmfgiNV https://t.co/5XnmWRKLqx",FALSE,279,,,"<a href=""https://buffer.com"" rel=""nofollow"">Buffer</a>",NA,NA,NA,NA,NA,,,,NA,FALSE,0,2,FALSE,FALSE,en,FALSE,NA,NA,,"Chinese drugmaker Sinopharm said that it is developing three potential mRNA vaccines for #monkeypox.The experimental vaccines have been shown in a study to significantly evoke specific antibodies against monkeypox in mice, the company said in a statement.
https://t.co/8MtTmfgiNV https://t.co/5XnmWRKLqx",NA,NA,NA,NA,NA,NA,NA,NA,NA,NA,NA,NA,NA,NA
2022-11-26T23:48:56Z,1596652254425403400,1596652254425403397,"@DrTedros @WHO U guys gotta stop contradicting urself, n of course bending over
Chinas vaccine was supposed2b successful against d Wuhan Virus
China has a rise in cases

Are they doctoring d virus at home
Was their vaccine SinoPharm trash
Does China have a new variant?",FALSE,269,,,"<a href=""http://twitter.com/download/android"" rel=""nofollow"">Twitter for Android</a>",NA,NA,189868631,189868631,DrTedros,,,,NA,FALSE,0,0,FALSE,FALSE,en,NA,NA,NA,,"@DrTedros @WHO U guys gotta stop contradicting urself, n of course bending over
Chinas vaccine was supposed2b successful against d Wuhan Virus
China has a rise in cases

Are they doctoring d virus at home
Was their vaccine SinoPharm trash
Does China have a new variant?",NA,NA,NA,NA,NA,NA,NA,NA,NA,NA,NA,NA,NA,NA
2022-11-26T23:31:10Z,1596647783041486800,1596647783041486848,"@SynaptekLabs @BreezerGalway Nuvaxovid (or any spike protein subunit vaccine), Valneva, Sinopharm, Bharat Biotech (inactivated whole virus vaccines), codagenix (attenuated SARS-CoV-2. In clinical trials). They’ll all have the peptides you fear. Except those sequences will be degraded, so why fear them? /1",FALSE,306,,,"<a href=""http://twitter.com/download/iphone"" rel=""nofollow"">Twitter for iPhone</a>",1596626084011049e3,1596626084011048960,1583528833466212400,1583528833466212355,SynaptekLabs,,,,NA,FALSE,1,2,FALSE,FALSE,en,NA,NA,NA,,"@SynaptekLabs @BreezerGalway Nuvaxovid (or any spike protein subunit vaccine), Valneva, Sinopharm, Bharat Biotech (inactivated whole virus vaccines), codagenix (attenuated SARS-CoV-2. In clinical trials). They’ll all have the peptides you fear. Except those sequences will be degraded, so why fear them? /1",NA,NA,NA,NA,NA,NA,NA,NA,NA,NA,NA,NA,NA,NA
2022-11-26T22:53:56Z,1596638411464769500,1596638411464769537,"https://t.co/CykEMPM9wv

Sinovac efficacy? 

China's Sinopharm vaccine 'most unsafe in world' with 73 side effects  https://t.co/wc6BYf4Jlr

Brazil results show Chinese vaccine 50.4% effective
https://t.co/jeQIKMp8bk

Full list of adverse reactions from- https://t.co/tj60KkvzwI",FALSE,278,,,"<a href=""http://twitter.com/download/android"" rel=""nofollow"">Twitter for Android</a>",NA,NA,NA,NA,NA,,,,NA,FALSE,0,0,FALSE,FALSE,en,FALSE,NA,NA,,"https://t.co/CykEMPM9wv

Sinovac efficacy? 

China's Sinopharm vaccine 'most unsafe in world' with 73 side effects  https://t.co/wc6BYf4Jlr

Brazil results show Chinese vaccine 50.4% effective
https://t.co/jeQIKMp8bk

Full list of adverse reactions from- https://t.co/tj60KkvzwI",NA,NA,NA,NA,NA,NA,NA,NA,NA,NA,NA,NA,NA,NA
2022-11-26T21:16:02Z,1596613774932574200,1596613774932574208,@verasarkozi @LynAldenContact What about Sinopharm?,FALSE,51,,,"<a href=""https://mobile.twitter.com"" rel=""nofollow"">Twitter Web App</a>",1596522092136366e3,1596522092136366081,827954458399297500,827954458399297540,verasarkozi,,,,NA,FALSE,0,0,FALSE,FALSE,en,NA,NA,NA,,@verasarkozi @LynAldenContact What about Sinopharm?,NA,NA,NA,NA,NA,NA,NA,NA,NA,NA,NA,NA,NA,NA
2022-11-26T20:44:44Z,1596605900961484800,1596605900961484800,Is the Chinese Covid virus coronaVac and sinopharm effective?,FALSE,61,,,"<a href=""http://twitter.com/download/iphone"" rel=""nofollow"">Twitter for iPhone</a>",NA,NA,NA,NA,NA,,,,NA,FALSE,0,0,FALSE,FALSE,en,NA,NA,NA,,Is the Chinese Covid virus coronaVac and sinopharm effective?,NA,NA,NA,NA,NA,NA,NA,NA,NA,NA,NA,NA,NA,NA
2022-11-26T18:51:42Z,1596577451924152300,1596577451924152320,"@RealJamesWoods if you had more Chinese, Russian, and Serbian following you 
then pool would be majority yes

because 99.99 of this population was vaccinated with Sinopharm/Sputnik

no one here is crazy to put mRNA garbage in their body for political reasons",FALSE,258,,,"<a href=""http://twitter.com/download/android"" rel=""nofollow"">Twitter for Android</a>",1596522178702299100,1596522178702299137,78523300,78523300,RealJamesWoods,,,,NA,FALSE,0,0,FALSE,FALSE,en,NA,NA,NA,,"@RealJamesWoods if you had more Chinese, Russian, and Serbian following you 
then pool would be majority yes

because 99.99 of this population was vaccinated with Sinopharm/Sputnik

no one here is crazy to put mRNA garbage in their body for political reasons",NA,NA,NA,NA,NA,NA,NA,NA,NA,NA,NA,NA,NA,NA
2022-11-26T10:36:39Z,1596452870286585900,1596452870286585856,"@wsbgnl @mehdirhasan Also, the Sinopharm vaccine actually contains the inactivated virus, not just an mRNA. So, the Chinese people were exposed to the virus and got natural immunity from it.",FALSE,190,,,"<a href=""https://mobile.twitter.com"" rel=""nofollow"">Twitter Web App</a>",1596438421375180800,1596438421375180801,1143908639876485100,1143908639876485120,wsbgnl,,,,NA,FALSE,0,6,FALSE,FALSE,en,NA,NA,NA,,"@wsbgnl @mehdirhasan Also, the Sinopharm vaccine actually contains the inactivated virus, not just an mRNA. So, the Chinese people were exposed to the virus and got natural immunity from it.",NA,NA,NA,NA,NA,NA,NA,NA,NA,NA,NA,NA,NA,NA
2022-11-26T10:27:11Z,1596450486273863700,1596450486273863680,"@DhivehiOne Based on which evidence did they mix&amp;match 2 different vaccines? Which evidence shows that Covishield can serve as a second dose for Sinopharm?

#Frankenscience",FALSE,176,,,"<a href=""http://twitter.com/download/android"" rel=""nofollow"">Twitter for Android</a>",1596370104065097700,1596370104065097728,754380727672709100,754380727672709120,DhivehiOne,,,,NA,FALSE,0,5,FALSE,FALSE,en,NA,NA,NA,,"@DhivehiOne Based on which evidence did they mix&amp;match 2 different vaccines? Which evidence shows that Covishield can serve as a second dose for Sinopharm?

#Frankenscience",NA,NA,NA,NA,NA,NA,NA,NA,NA,NA,NA,NA,NA,NA
2022-11-26T06:35:10Z,1596392098500345900,1596392098500345857,@LuccaLudovica @StephenMcDonell I think instead of delaying &amp; trying to save face CCP shld have used one of those Mrna vaccines for the elderly. We used 2 doses of the Sinopharm Verocell shot (arguably better of the ones they used in China) and a booster shot of Pfizer and got on with our lives here in Mongolia,FALSE,316,,,"<a href=""https://mobile.twitter.com"" rel=""nofollow"">Twitter Web App</a>",1595979869816557600,1595979869816557571,1898052482,1898052482,LuccaLudovica,,,,NA,FALSE,0,1,FALSE,FALSE,en,NA,NA,NA,,@LuccaLudovica @StephenMcDonell I think instead of delaying &amp; trying to save face CCP shld have used one of those Mrna vaccines for the elderly. We used 2 doses of the Sinopharm Verocell shot (arguably better of the ones they used in China) and a booster shot of Pfizer and got on with our lives here in Mongolia,NA,NA,NA,NA,NA,NA,NA,NA,NA,NA,NA,NA,NA,NA
2022-11-26T04:15:18Z,1596356901654392800,1596356901654392832,@Bla_Taw They did. But they used only Sinopharm and Sinovac Vax. That's the only Vax available in Zim btw. We can see how effective that is,FALSE,139,,,"<a href=""http://twitter.com/download/android"" rel=""nofollow"">Twitter for Android</a>",1596280492386824200,1596280492386824192,598265620,598265620,Bla_Taw,,,,NA,FALSE,0,0,FALSE,FALSE,en,NA,NA,NA,,@Bla_Taw They did. But they used only Sinopharm and Sinovac Vax. That's the only Vax available in Zim btw. We can see how effective that is,NA,NA,NA,NA,NA,NA,NA,NA,NA,NA,NA,NA,NA,NA
2022-11-25T23:56:11Z,1596291689777311700,1596291689777311745,"@dalebennettt @SquawkCNBC @onlyyoontv #China’s trying to get #COVID19 #vaccines! Most important for China was copying mRNA technology &amp; making their own vaccine at a company called #Sinopharm. However, Chinese people want $PFE &amp; $MRNA or #America made vaccines. US quality much better. @CNBC @WSJ",FALSE,304,,,"<a href=""http://twitter.com/#!/download/ipad"" rel=""nofollow"">Twitter for iPad</a>",1596161750046363600,1596161750046363648,1422868629784342500,1422868629784342529,dalebennettt,,,,NA,FALSE,0,0,FALSE,FALSE,en,NA,NA,NA,,"@dalebennettt @SquawkCNBC @onlyyoontv #China’s trying to get #COVID19 #vaccines! Most important for China was copying mRNA technology &amp; making their own vaccine at a company called #Sinopharm. However, Chinese people want $PFE &amp; $MRNA or #America made vaccines. US quality much better. @CNBC @WSJ",NA,NA,NA,NA,NA,NA,NA,NA,NA,NA,NA,NA,NA,NA
2022-11-25T21:45:31Z,1596258808602337300,1596258808602337280,"CHINA: Not something to emulate; vaccinating and boosting the elderly in multiple worldwide reports (Lancet, Nature) is the best way to minimize COVID mortality; know China has Sinopharm/Sinovac but elderly meeting virus with any immunity better than none https://t.co/10ht4zRQ3Y",FALSE,255,,,"<a href=""https://mobile.twitter.com"" rel=""nofollow"">Twitter Web App</a>",NA,NA,NA,NA,NA,,,,NA,TRUE,4,18,FALSE,FALSE,en,FALSE,1596177705850253300,1596177705850253312,,"CHINA: Not something to emulate; vaccinating and boosting the elderly in multiple worldwide reports (Lancet, Nature) is the best way to minimize COVID mortality; know China has Sinopharm/Sinovac but elderly meeting virus with any immunity better than none https://t.co/10ht4zRQ3Y",NA,NA,NA,NA,NA,NA,NA,NA,NA,NA,NA,NA,NA,NA
2022-11-25T20:15:03Z,1596236040519692300,1596236040519692288,Sinopharm releases world's first study of monkeypox-specific mRNA vaccines https://t.co/HdAPpln7An via @NewsNowUK,FALSE,113,,,"<a href=""https://mobile.twitter.com"" rel=""nofollow"">Twitter Web App</a>",NA,NA,NA,NA,NA,,,,NA,FALSE,0,0,FALSE,FALSE,en,FALSE,NA,NA,,Sinopharm releases world's first study of monkeypox-specific mRNA vaccines https://t.co/HdAPpln7An via @NewsNowUK,NA,NA,NA,NA,NA,NA,NA,NA,NA,NA,NA,NA,NA,NA
2022-11-25T19:56:53Z,1596231468681990100,1596231468681990144,"@MaryGao It was already known since December of last year that three shots of #Sinovac or #Sinopharm vaccines didn't work against #Omicron #virus. 

Yet #Chinese #national #pride prevented the #shame of #importing #mRNA #vaccines from the US to end #COVID outbreak.
https://t.co/0LoPxyjgjc",FALSE,289,,,"<a href=""https://mobile.twitter.com"" rel=""nofollow"">Twitter Web App</a>",1596229237027094500,1596229237027094528,2335972670,2335972670,FacelessManTwit,,,,NA,FALSE,0,0,FALSE,FALSE,en,FALSE,NA,NA,,"@MaryGao It was already known since December of last year that three shots of #Sinovac or #Sinopharm vaccines didn't work against #Omicron #virus. 

Yet #Chinese #national #pride prevented the #shame of #importing #mRNA #vaccines from the US to end #COVID outbreak.
https://t.co/0LoPxyjgjc",NA,NA,NA,NA,NA,NA,NA,NA,NA,NA,NA,NA,NA,NA
2022-11-25T19:44:04Z,1596228245535563800,1596228245535563785,"@MaryGao China has mandated #COVID vaccines; the only problem is that #Chinese #Sinovac and #Sinopharm vaccines are ineffective, producing 1/10th the antibody level of Pfizer and Moderna mRNA vaccines and this is why vaccination hasn't stopped COVID outbreak there. https://t.co/f8XZKXZwlH",FALSE,289,,,"<a href=""https://mobile.twitter.com"" rel=""nofollow"">Twitter Web App</a>",1596134414718836700,1596134414718836741,65461494,65461494,MaryGao,,,,NA,TRUE,0,0,FALSE,FALSE,en,FALSE,1596134414718836700,1596134414718836741,,"@MaryGao China has mandated #COVID vaccines; the only problem is that #Chinese #Sinovac and #Sinopharm vaccines are ineffective, producing 1/10th the antibody level of Pfizer and Moderna mRNA vaccines and this is why vaccination hasn't stopped COVID outbreak there. https://t.co/f8XZKXZwlH",NA,NA,NA,NA,NA,NA,NA,NA,NA,NA,NA,NA,NA,NA
2022-11-25T17:30:42Z,1596194680253087700,1596194680253087745,Our new paper released yesterday on the immune response to SARS-COV-2. #sputnikv #AstraZeneca #sinopharm #sinovac,FALSE,113,,,"<a href=""http://twitter.com/download/iphone"" rel=""nofollow"">Twitter for iPhone</a>",1596193953019465700,1596193953019465728,1084912586813046800,1084912586813046784,IAlhudiri,,,,NA,FALSE,0,0,FALSE,FALSE,en,NA,NA,NA,,Our new paper released yesterday on the immune response to SARS-COV-2. #sputnikv #AstraZeneca #sinopharm #sinovac,NA,NA,NA,NA,NA,NA,NA,NA,NA,NA,NA,NA,NA,NA
2022-11-25T13:32:24Z,1596134710496972800,1596134710496972801,"@BawsmanJJ No, there are several, Sinovac, Sinopharm most common. But they are based on inactivated virus, not mRNA. They haven’t approved Moderna, Pfizer for their own reasons, tho they make Pfizer here. Foreigners supposed to be allowed to have it, but no sign at all when",FALSE,274,,,"<a href=""http://twitter.com/download/iphone"" rel=""nofollow"">Twitter for iPhone</a>",1596132265243078700,1596132265243078656,163381770,163381770,BawsmanJJ,,,,NA,FALSE,0,1,FALSE,FALSE,en,NA,NA,NA,,"@BawsmanJJ No, there are several, Sinovac, Sinopharm most common. But they are based on inactivated virus, not mRNA. They haven’t approved Moderna, Pfizer for their own reasons, tho they make Pfizer here. Foreigners supposed to be allowed to have it, but no sign at all when",NA,NA,NA,NA,NA,NA,NA,NA,NA,NA,NA,NA,NA,NA
2022-11-25T12:10:12Z,1596114023036366800,1596114023036366849,"@pasiphae_goals @dimitrisxy @TWenseleers So would Sinovac vaccination, or Sinopharm, or Cansino.

The marginal superiority of Pfizer over the various Chinese vaccines doesn't make a big difference.",FALSE,197,,,"<a href=""https://mobile.twitter.com"" rel=""nofollow"">Twitter Web App</a>",1595773566758563800,1595773566758563846,739626641450635300,739626641450635265,pasiphae_goals,,,,NA,FALSE,0,2,FALSE,FALSE,en,NA,NA,NA,,"@pasiphae_goals @dimitrisxy @TWenseleers So would Sinovac vaccination, or Sinopharm, or Cansino.

The marginal superiority of Pfizer over the various Chinese vaccines doesn't make a big difference.",NA,NA,NA,NA,NA,NA,NA,NA,NA,NA,NA,NA,NA,NA
2022-11-25T09:55:33Z,1596080139095330800,1596080139095330817,@lustfullylxna @rilut Oh wow thanks kak!,FALSE,40,,,"<a href=""https://mobile.twitter.com"" rel=""nofollow"">Twitter Web App</a>",1596079918387204e3,1596079918387204096,1201715348346560500,1201715348346560512,lustfullylxna,,,,NA,FALSE,0,0,FALSE,FALSE,en,NA,NA,NA,,@lustfullylxna @rilut Oh wow thanks kak!,NA,NA,NA,NA,NA,NA,NA,NA,NA,NA,NA,NA,NA,NA
2022-11-25T09:15:24Z,1596070035679842300,1596070035679842304,"Are you on 1 dose or 2 doses?
You have till November 27 to get your #CovidVaccine for free. 
The vaccines available are Johnson &amp; Johnson, Pfizer &amp; Sinopharm.
Get vaccinated at your nearest vaccination center.
#EndCovid237
#ABCFreeCovid19
#stopcovid19
#EndCovid22 
#StopCovid237 https://t.co/775jHKZ8Vd",FALSE,286,,,"<a href=""http://twitter.com/download/android"" rel=""nofollow"">Twitter for Android</a>",NA,NA,NA,NA,NA,,,,NA,FALSE,2,3,FALSE,FALSE,en,FALSE,NA,NA,,"Are you on 1 dose or 2 doses?
You have till November 27 to get your #CovidVaccine for free. 
The vaccines available are Johnson &amp; Johnson, Pfizer &amp; Sinopharm.
Get vaccinated at your nearest vaccination center.
#EndCovid237
#ABCFreeCovid19
#stopcovid19
#EndCovid22 
#StopCovid237 https://t.co/775jHKZ8Vd",NA,NA,NA,NA,NA,NA,NA,NA,NA,NA,NA,NA,NA,NA
2022-11-25T08:42:40Z,1596061797072658400,1596061797072658432,"@1NewsNZ It would cost China around 1 trillion yuan to vaccinate its population with a foreign vaccine that works..their sinopharm doesn't work ..that's the issue and the government embarrassment would be extreme...so endless lock down indefinitely, is better 🙄",FALSE,261,,,"<a href=""http://twitter.com/download/android"" rel=""nofollow"">Twitter for Android</a>",1595948796608794600,1595948796608794625,14301074,14301074,1NewsNZ,,,,NA,FALSE,0,0,FALSE,FALSE,en,NA,NA,NA,,"@1NewsNZ It would cost China around 1 trillion yuan to vaccinate its population with a foreign vaccine that works..their sinopharm doesn't work ..that's the issue and the government embarrassment would be extreme...so endless lock down indefinitely, is better 🙄",NA,NA,NA,NA,NA,NA,NA,NA,NA,NA,NA,NA,NA,NA
2022-11-25T07:20:12Z,1596041044637806600,1596041044637806592,"@CyclistWigan @JamesMelville Actually I do. Its public knowledge:
https://t.co/ScmDWnhAAF.",FALSE,90,,,"<a href=""https://mobile.twitter.com"" rel=""nofollow"">Twitter Web App</a>",1596040713095241700,1596040713095241729,1188391557772263400,1188391557772263424,CyclistWigan,,,,NA,FALSE,0,0,FALSE,FALSE,en,FALSE,NA,NA,,"@CyclistWigan @JamesMelville Actually I do. Its public knowledge:
https://t.co/ScmDWnhAAF.",NA,NA,NA,NA,NA,NA,NA,NA,NA,NA,NA,NA,NA,NA
2022-11-25T06:46:09Z,1596032472713957400,1596032472713957377,@StephenMcDonell Wasn't Sinopharm a failure compared to Pfizer and Moderna?,FALSE,75,,,"<a href=""http://twitter.com/download/android"" rel=""nofollow"">Twitter for Android</a>",1595983406608765e3,1595983406608764930,243983947,243983947,StephenMcDonell,,,,NA,FALSE,0,0,FALSE,FALSE,en,NA,NA,NA,,@StephenMcDonell Wasn't Sinopharm a failure compared to Pfizer and Moderna?,NA,NA,NA,NA,NA,NA,NA,NA,NA,NA,NA,NA,NA,NA
2022-11-25T05:40:01Z,1596015832060301300,1596015832060301312,Chinese drugmaker Sinopharm said on Wednesday that it is developing three potential mRNA vaccines for #monkeypox. https://t.co/6spQYnOjkB,FALSE,137,,,"<a href=""https://www.omnify.ink/"" rel=""nofollow"">Social Lines</a>",NA,NA,NA,NA,NA,,,,NA,FALSE,17,24,FALSE,FALSE,en,FALSE,NA,NA,,Chinese drugmaker Sinopharm said on Wednesday that it is developing three potential mRNA vaccines for #monkeypox. https://t.co/6spQYnOjkB,NA,NA,NA,NA,NA,NA,NA,NA,NA,NA,NA,NA,NA,NA
2022-11-25T05:12:51Z,1596008994711408600,1596008994711408642,"@alexstubb @FT Zero-COVID is impossible.  But Sinopharm vaccines are pretty awful and can't stop COVID.

Why doesn't China just shrug their shoulders and admit that's impossible.  Why not just go back to life as usual?  

Xi is destroying his economy for what?",FALSE,260,,,"<a href=""https://mobile.twitter.com"" rel=""nofollow"">Twitter Web App</a>",1596006313590280200,1596006313590280192,36048614,36048614,alexstubb,,,,NA,FALSE,0,1,FALSE,FALSE,en,NA,NA,NA,,"@alexstubb @FT Zero-COVID is impossible.  But Sinopharm vaccines are pretty awful and can't stop COVID.

Why doesn't China just shrug their shoulders and admit that's impossible.  Why not just go back to life as usual?  

Xi is destroying his economy for what?",NA,NA,NA,NA,NA,NA,NA,NA,NA,NA,NA,NA,NA,NA
2022-11-25T04:31:29Z,1595998585123897300,1595998585123897351,@ChinaScience Well done #Sinopharm @ChinaSinopharm,FALSE,50,,,"<a href=""http://twitter.com/download/iphone"" rel=""nofollow"">Twitter for iPhone</a>",1595975569631367200,1595975569631367169,1164940374374330400,1164940374374330368,ChinaScience,,,,NA,FALSE,0,0,FALSE,FALSE,en,NA,NA,NA,,@ChinaScience Well done #Sinopharm @ChinaSinopharm,NA,NA,NA,NA,NA,NA,NA,NA,NA,NA,NA,NA,NA,NA
2022-11-25T04:25:34Z,1595997094233657300,1595997094233657345,"Chinese drugmaker #Sinopharm announced on Wednesday that it has successfully developed three potential mRNA vaccines to fight monkeypox. Compared with attenuated virus vaccines, the new vaccines are believed to be safer and capable of inducing neutralizing antibodies more quickly https://t.co/t2FL15Jp2e",FALSE,280,,,"<a href=""https://mobile.twitter.com"" rel=""nofollow"">Twitter Web App</a>",NA,NA,NA,NA,NA,,,,NA,FALSE,27,52,FALSE,FALSE,en,FALSE,NA,NA,,"Chinese drugmaker #Sinopharm announced on Wednesday that it has successfully developed three potential mRNA vaccines to fight monkeypox. Compared with attenuated virus vaccines, the new vaccines are believed to be safer and capable of inducing neutralizing antibodies more quickly https://t.co/t2FL15Jp2e",NA,NA,NA,NA,NA,NA,NA,NA,NA,NA,NA,NA,NA,NA
2022-11-25T04:07:07Z,1595992450815783e3,1595992450815782913,Sinopharm releases world's first study of monkeypox-specific mRNA vaccines -  https://t.co/D3sXwMKuhp,FALSE,101,,,"<a href=""http://www.theedgemarkets.com"" rel=""nofollow"">ProdTheEdgeMarketsFeedAPI</a>",NA,NA,NA,NA,NA,,,,NA,FALSE,2,2,FALSE,FALSE,en,FALSE,NA,NA,,Sinopharm releases world's first study of monkeypox-specific mRNA vaccines -  https://t.co/D3sXwMKuhp,NA,NA,NA,NA,NA,NA,NA,NA,NA,NA,NA,NA,NA,NA
2022-11-25T03:00:02Z,1595975569631367200,1595975569631367169,"Chinese drugmaker #Sinopharm announced on Wednesday that it has successfully developed three potential mRNA vaccines to fight monkeypox. Compared with attenuated virus vaccines, the new vaccines are believed to be safer and capable of inducing neutralizing antibodies more quickly https://t.co/5EOub6quBn",FALSE,280,,,"<a href=""https://about.twitter.com/products/tweetdeck"" rel=""nofollow"">TweetDeck</a>",NA,NA,NA,NA,NA,,,,NA,FALSE,9,45,FALSE,FALSE,en,FALSE,NA,NA,,"Chinese drugmaker #Sinopharm announced on Wednesday that it has successfully developed three potential mRNA vaccines to fight monkeypox. Compared with attenuated virus vaccines, the new vaccines are believed to be safer and capable of inducing neutralizing antibodies more quickly https://t.co/5EOub6quBn",NA,NA,NA,NA,NA,NA,NA,NA,NA,NA,NA,NA,NA,NA
2022-11-25T02:05:00Z,1595961720194928600,1595961720194928643,"Chinese drugmaker #Sinopharm announced on Wednesday that it has successfully developed three potential mRNA vaccines to fight monkeypox. Compared with attenuated virus vaccines, the new vaccines are believed to be safer and capable of inducing neutralizing antibodies more quickly https://t.co/hgD01Mi5om",FALSE,280,,,"<a href=""https://about.twitter.com/products/tweetdeck"" rel=""nofollow"">TweetDeck</a>",NA,NA,NA,NA,NA,,,,NA,FALSE,7,14,FALSE,FALSE,en,FALSE,NA,NA,,"Chinese drugmaker #Sinopharm announced on Wednesday that it has successfully developed three potential mRNA vaccines to fight monkeypox. Compared with attenuated virus vaccines, the new vaccines are believed to be safer and capable of inducing neutralizing antibodies more quickly https://t.co/hgD01Mi5om",NA,NA,NA,NA,NA,NA,NA,NA,NA,NA,NA,NA,NA,NA
2022-11-24T22:20:01Z,1595905103122530300,1595905103122530304,Sinopharm developing three potential #monkeypox vaccines https://t.co/YOgAde4xXE,FALSE,80,,,"<a href=""https://www.omnify.ink/"" rel=""nofollow"">Social Lines</a>",NA,NA,NA,NA,NA,,,,NA,FALSE,13,15,FALSE,FALSE,en,FALSE,NA,NA,,Sinopharm developing three potential #monkeypox vaccines https://t.co/YOgAde4xXE,NA,NA,NA,NA,NA,NA,NA,NA,NA,NA,NA,NA,NA,NA
2022-11-24T19:12:23Z,1595857883614175200,1595857883614175232,@davidemccune @sudha_lakshmi HI @davidemccune and @sudha_lakshmi - agree Covaxin (if we can extrapolate to Sinopharm/Sinovac as whole virus inactivated vaccines) looks good &amp; phase I/II studies of Sinopharm/Sinovac raised T cell responses so agree; meeting virus with any immunity better than not https://t.co/5T03uyi03A,FALSE,300,,,"<a href=""https://mobile.twitter.com"" rel=""nofollow"">Twitter Web App</a>",1595857162982809600,1595857162982809600,1287912063285653500,1287912063285653504,davidemccune,,,,NA,FALSE,0,4,FALSE,FALSE,en,FALSE,NA,NA,,@davidemccune @sudha_lakshmi HI @davidemccune and @sudha_lakshmi - agree Covaxin (if we can extrapolate to Sinopharm/Sinovac as whole virus inactivated vaccines) looks good &amp; phase I/II studies of Sinopharm/Sinovac raised T cell responses so agree; meeting virus with any immunity better than not https://t.co/5T03uyi03A,NA,NA,NA,NA,NA,NA,NA,NA,NA,NA,NA,NA,NA,NA
2022-11-24T18:38:46Z,1595849423292141600,1595849423292141568,"@TDRnews @Pattyjannet1 @CayetanoHeredia @GarryAslanyan You should ask about her irregular vaccination, outside of a clinical trial, with a unauthorized vaccine at that time (Sinopharm), during the Covid-19 pandemic. That was the most corrupt clinical trial in Peruvian history, and she was part of it. #VacunaGate",FALSE,313,,,"<a href=""http://twitter.com/download/android"" rel=""nofollow"">Twitter for Android</a>",1594677014966911e3,1594677014966910976,84306222,84306222,TDRnews,,,,NA,FALSE,0,1,FALSE,FALSE,en,NA,NA,NA,,"@TDRnews @Pattyjannet1 @CayetanoHeredia @GarryAslanyan You should ask about her irregular vaccination, outside of a clinical trial, with a unauthorized vaccine at that time (Sinopharm), during the Covid-19 pandemic. That was the most corrupt clinical trial in Peruvian history, and she was part of it. #VacunaGate",NA,NA,NA,NA,NA,NA,NA,NA,NA,NA,NA,NA,NA,NA
2022-11-24T18:05:36Z,1595841074852876300,1595841074852876288,@GrayWolfBG1 I don't know about other vaccine but Chinese vaccines like Sinopharm are nothing more than a modified salt water. It neither stops the China virus or limits its severity.,FALSE,183,,,"<a href=""http://twitter.com/download/android"" rel=""nofollow"">Twitter for Android</a>",1595484213272273e3,1595484213272272896,4320228856,4320228856,GrayWolfBG1,,,,NA,FALSE,0,0,FALSE,FALSE,en,NA,NA,NA,,@GrayWolfBG1 I don't know about other vaccine but Chinese vaccines like Sinopharm are nothing more than a modified salt water. It neither stops the China virus or limits its severity.,NA,NA,NA,NA,NA,NA,NA,NA,NA,NA,NA,NA,NA,NA
2022-11-24T17:50:14Z,1595837208937865200,1595837208937865218,@WallStreetSilv ..Or is it an admission that Sinopharm does not work ??,FALSE,71,,,"<a href=""http://twitter.com/download/iphone"" rel=""nofollow"">Twitter for iPhone</a>",1595806264486944800,1595806264486944768,1366565625401909200,1366565625401909249,WallStreetSilv,,,,NA,FALSE,0,1,FALSE,FALSE,en,NA,NA,NA,,@WallStreetSilv ..Or is it an admission that Sinopharm does not work ??,NA,NA,NA,NA,NA,NA,NA,NA,NA,NA,NA,NA,NA,NA
2022-11-24T17:10:35Z,1595827230793695200,1595827230793695232,"#China vaccination rate is 92% perhaps with domestic produce #sinopharm Vaccine, if the vaccine was so effective which they were distributing free then why so many cases of covid are arising ?",FALSE,192,,,"<a href=""https://mobile.twitter.com"" rel=""nofollow"">Twitter Web App</a>",NA,NA,NA,NA,NA,,,,NA,FALSE,0,0,FALSE,FALSE,en,NA,NA,NA,,"#China vaccination rate is 92% perhaps with domestic produce #sinopharm Vaccine, if the vaccine was so effective which they were distributing free then why so many cases of covid are arising ?",NA,NA,NA,NA,NA,NA,NA,NA,NA,NA,NA,NA,NA,NA
2022-11-24T16:53:08Z,1595822840653258800,1595822840653258757,@Michael48552121 Sinopharm and Sinovac are plenty good enough for them to end COVID zero,FALSE,88,,,"<a href=""http://twitter.com/#!/download/ipad"" rel=""nofollow"">Twitter for iPad</a>",1595822320907583500,1595822320907583491,1461108239588905e3,1461108239588904960,Michael48552121,,,,NA,FALSE,0,3,FALSE,FALSE,en,NA,NA,NA,,@Michael48552121 Sinopharm and Sinovac are plenty good enough for them to end COVID zero,NA,NA,NA,NA,NA,NA,NA,NA,NA,NA,NA,NA,NA,NA
2022-11-24T16:51:04Z,1595822320907583500,1595822320907583491,@thejb_stan There would be a lot of death and their healthcare infrastructure couldn’t handle such an outbreak. They need to switch to the more effective PFizer and Moderna vaccines rather than stubbornly sticking with their state owned Sinopharm and Sinovac vaccines.,FALSE,268,,,"<a href=""http://twitter.com/download/iphone"" rel=""nofollow"">Twitter for iPhone</a>",1595805086147661800,1595805086147661824,1333977813385437200,1333977813385437186,thejb_stan,,,,NA,FALSE,0,2,FALSE,FALSE,en,NA,NA,NA,,@thejb_stan There would be a lot of death and their healthcare infrastructure couldn’t handle such an outbreak. They need to switch to the more effective PFizer and Moderna vaccines rather than stubbornly sticking with their state owned Sinopharm and Sinovac vaccines.,NA,NA,NA,NA,NA,NA,NA,NA,NA,NA,NA,NA,NA,NA
2022-11-24T15:30:39Z,1595802083185332200,1595802083185332225,"@second_steve Singapore also has a subpopulation that used Sinovac and Sinopharm, which is why the comparative study was possible. The type of vaccine is not the issue here. https://t.co/ODMK60Fs7y",FALSE,197,,,"<a href=""https://mobile.twitter.com"" rel=""nofollow"">Twitter Web App</a>",1595801071683002400,1595801071683002368,1407052092385087500,1407052092385087492,second_steve,,,,NA,TRUE,0,1,FALSE,FALSE,en,FALSE,1512621105038897200,1512621105038897156,,"@second_steve Singapore also has a subpopulation that used Sinovac and Sinopharm, which is why the comparative study was possible. The type of vaccine is not the issue here. https://t.co/ODMK60Fs7y",NA,NA,NA,NA,NA,NA,NA,NA,NA,NA,NA,NA,NA,NA
2022-11-24T14:28:03Z,1595786326623805400,1595786326623805446,"@RebeccaYChan i'd be willing to take SputnikV, Sinopharm or Cuba's vaccine.   what i won't take is anything mRNA, which is ALL that's offered here in 🇫🇷 &amp; most of the EU.  
i don't know where to go, to find an acceptable vaccine over here &amp; restrictions to even move abt w/o a shot are hard.",FALSE,299,,,"<a href=""https://mobile.twitter.com"" rel=""nofollow"">Twitter Web App</a>",1595654706721742800,1595654706721742848,31481543,31481543,RebeccaYChan,,,,NA,FALSE,1,7,FALSE,FALSE,en,NA,NA,NA,,"@RebeccaYChan i'd be willing to take SputnikV, Sinopharm or Cuba's vaccine.   what i won't take is anything mRNA, which is ALL that's offered here in 🇫🇷 &amp; most of the EU.  
i don't know where to go, to find an acceptable vaccine over here &amp; restrictions to even move abt w/o a shot are hard.",NA,NA,NA,NA,NA,NA,NA,NA,NA,NA,NA,NA,NA,NA
2022-11-24T13:08:03Z,1595766195361570800,1595766195361570816,"@sonicfields @alterwyx I was furious when a clinic rejected me for Sinopharm here because I got the mRNA vaccines already ""but I got them in the US so it's not in my records, correct??""",FALSE,185,,,"<a href=""https://mobile.twitter.com"" rel=""nofollow"">Twitter Web App</a>",1595766024518791200,1595766024518791169,103504694,103504694,bryancsk,,,,NA,FALSE,0,1,FALSE,FALSE,en,NA,NA,NA,,"@sonicfields @alterwyx I was furious when a clinic rejected me for Sinopharm here because I got the mRNA vaccines already ""but I got them in the US so it's not in my records, correct??""",NA,NA,NA,NA,NA,NA,NA,NA,NA,NA,NA,NA,NA,NA
2022-11-24T11:26:22Z,1595740606709772300,1595740606709772290,#Sinopharm developing three potential monkeypox vaccines [ https://t.co/MJmmuEKo6S ] #Chinese drugmaker Sinopharm said on Wednesday that it is developing three potential mRNA vaccines to fight https://t.co/FFPYX6GL7I said in a statement that the https://t.co/Dyu7F1YHiq,FALSE,269,,,"<a href=""http://www.axisum.com"" rel=""nofollow"">Tiana1</a>",NA,NA,NA,NA,NA,,,,NA,FALSE,0,0,FALSE,FALSE,en,FALSE,NA,NA,,#Sinopharm developing three potential monkeypox vaccines [ https://t.co/MJmmuEKo6S ] #Chinese drugmaker Sinopharm said on Wednesday that it is developing three potential mRNA vaccines to fight https://t.co/FFPYX6GL7I said in a statement that the https://t.co/Dyu7F1YHiq,NA,NA,NA,NA,NA,NA,NA,NA,NA,NA,NA,NA,NA,NA
2022-11-24T10:16:08Z,1595722930478280700,1595722930478280705,"It’s mind numbing to read these guys constantly talk down at another country’s strategy + talk up ‘their superior tech’.

Recent research shows inactivated virus vaccines such as those from Sinovac &amp; Sinopharm are more effective at preventing severe symptoms. Link below: https://t.co/NvzXXIGgiC",FALSE,275,,,"<a href=""http://twitter.com/download/iphone"" rel=""nofollow"">Twitter for iPhone</a>",NA,NA,NA,NA,NA,,,,NA,TRUE,0,0,FALSE,FALSE,en,FALSE,1595403820791742500,1595403820791742464,,"It’s mind numbing to read these guys constantly talk down at another country’s strategy + talk up ‘their superior tech’.

Recent research shows inactivated virus vaccines such as those from Sinovac &amp; Sinopharm are more effective at preventing severe symptoms. Link below: https://t.co/NvzXXIGgiC",NA,NA,NA,NA,NA,NA,NA,NA,NA,NA,NA,NA,NA,NA
2022-11-24T09:14:11Z,1595707340313227300,1595707340313227264,"@klausenhauser @DrNeilStone @wanderer_jasnah Dear oh dear - sinovac and sinopharm seemed to save Cambodia from major loss of life - including yours truly, topped up since, of course..",FALSE,183,,,"<a href=""https://mobile.twitter.com"" rel=""nofollow"">Twitter Web App</a>",1595706110991863800,1595706110991863813,114030748,114030748,klausenhauser,,,,NA,FALSE,0,0,FALSE,FALSE,en,NA,NA,NA,,"@klausenhauser @DrNeilStone @wanderer_jasnah Dear oh dear - sinovac and sinopharm seemed to save Cambodia from major loss of life - including yours truly, topped up since, of course..",NA,NA,NA,NA,NA,NA,NA,NA,NA,NA,NA,NA,NA,NA
2022-11-24T08:27:11Z,1595695512287875e3,1595695512287875073,"@StrangersSpidey @Quillambar @kirti_sd Another example, Sinopharm, AstraZeneca, Sputnik V, and Covaxin all had adverse effects in terms of menstrual problems in women but Covaxin was highest.
https://t.co/JCg6yk9ff5 https://t.co/vCop7uDQN9",FALSE,215,,,"<a href=""https://mobile.twitter.com"" rel=""nofollow"">Twitter Web App</a>",1595694998980538400,1595694998980538368,226470945,226470945,neorevolt,,,,NA,FALSE,0,0,FALSE,FALSE,en,FALSE,NA,NA,,"@StrangersSpidey @Quillambar @kirti_sd Another example, Sinopharm, AstraZeneca, Sputnik V, and Covaxin all had adverse effects in terms of menstrual problems in women but Covaxin was highest.
https://t.co/JCg6yk9ff5 https://t.co/vCop7uDQN9",NA,NA,NA,NA,NA,NA,NA,NA,NA,NA,NA,NA,NA,NA
2022-11-24T07:32:00Z,1595681624401715200,1595681624401715201,Chinese drugmaker #Sinopharm said on Wednesday that it is developing three potential mRNA vaccines to fight #monkeypox. https://t.co/6mnaAl6rfk,FALSE,143,,,"<a href=""https://about.twitter.com/products/tweetdeck"" rel=""nofollow"">TweetDeck</a>",NA,NA,NA,NA,NA,,,,NA,FALSE,0,0,FALSE,FALSE,en,FALSE,NA,NA,,Chinese drugmaker #Sinopharm said on Wednesday that it is developing three potential mRNA vaccines to fight #monkeypox. https://t.co/6mnaAl6rfk,NA,NA,NA,NA,NA,NA,NA,NA,NA,NA,NA,NA,NA,NA
2022-11-24T07:17:53Z,1595678071834939400,1595678071834939393,"🧪 Vaccines used globally

Sinopharm/Wuhan:
🇦🇪 AE 🇦🇲 AM 🇨🇳 CN 🇲🇰 MK 🇻🇪 VE",FALSE,72,,,"<a href=""https://help.twitter.com/en/using-twitter/how-to-tweet#source-labels"" rel=""nofollow"">Covid Vaccine Rollout Bot</a>",1595678070513365e3,1595678070513364992,1346067997451026400,1346067997451026433,CVaccinebot,,,,NA,FALSE,0,0,FALSE,FALSE,en,NA,NA,NA,,"🧪 Vaccines used globally

Sinopharm/Wuhan:
🇦🇪 AE 🇦🇲 AM 🇨🇳 CN 🇲🇰 MK 🇻🇪 VE",NA,NA,NA,NA,NA,NA,NA,NA,NA,NA,NA,NA,NA,NA
2022-11-24T07:17:52Z,1595678070513365e3,1595678070513364992,"🧪 Vaccines used globally

Sinopharm/Beijing (contd.):
🇵🇹 PT 🇵🇾 PY 🇵🇸 PS 🇶🇦 QA 🇷🇼 RW 🇸🇩 SD 🇸🇳 SN 🇸🇬 SG 🇸🇱 SL 🇸🇻 SV 🇸🇴 SO 🇷🇸 RS 🇸🇷 SR 🇸🇨 SC 🇸🇾 SY 🇹🇩 TD 🇹🇭 TH 🇹🇲 TM 🇹🇹 TT 🇹🇳 TN 🇹🇷 TR 🇹🇿 TZ 🇻🇪 VE 🇻🇳 VN 🇾🇪 YE 🇿🇲 ZM 🇿🇼 ZW",FALSE,215,,,"<a href=""https://help.twitter.com/en/using-twitter/how-to-tweet#source-labels"" rel=""nofollow"">Covid Vaccine Rollout Bot</a>",1595678069234155500,1595678069234155521,1346067997451026400,1346067997451026433,CVaccinebot,,,,NA,FALSE,0,0,FALSE,FALSE,en,NA,NA,NA,,"🧪 Vaccines used globally

Sinopharm/Beijing (contd.):
🇵🇹 PT 🇵🇾 PY 🇵🇸 PS 🇶🇦 QA 🇷🇼 RW 🇸🇩 SD 🇸🇳 SN 🇸🇬 SG 🇸🇱 SL 🇸🇻 SV 🇸🇴 SO 🇷🇸 RS 🇸🇷 SR 🇸🇨 SC 🇸🇾 SY 🇹🇩 TD 🇹🇭 TH 🇹🇲 TM 🇹🇹 TT 🇹🇳 TN 🇹🇷 TR 🇹🇿 TZ 🇻🇪 VE 🇻🇳 VN 🇾🇪 YE 🇿🇲 ZM 🇿🇼 ZW",NA,NA,NA,NA,NA,NA,NA,NA,NA,NA,NA,NA,NA,NA
2022-11-24T07:17:52Z,1595678069234155500,1595678069234155521,"🧪 Vaccines used globally

Sinopharm/Beijing (contd.):
🇭🇺 HU 🇮🇩 ID 🇮🇷 IR 🇮🇶 IQ 🇯🇴 JO 🇰🇿 KZ 🇰🇪 KE 🇰🇬 KG 🇰🇭 KH 🇰🇼 KW 🇱🇦 LA 🇱🇧 LB 🇱🇾 LY 🇱🇰 LK 🇱🇸 LS 🇲🇴 MO 🇲🇦 MA 🇲🇩 MD 🇲🇬 MG 🇲🇻 MV 🇲🇰 MK 🇲🇲 MM 🇲🇪 ME 🇲🇳 MN 🇲🇿 MZ 🇲🇷 MR 🇲🇾 MY 🇳🇦 NA 🇳🇪 NE 🇳🇵 NP 🇴🇲 OM 🇵🇰 PK 🇵🇪 PE 🇵🇭 PH",FALSE,257,,,"<a href=""https://help.twitter.com/en/using-twitter/how-to-tweet#source-labels"" rel=""nofollow"">Covid Vaccine Rollout Bot</a>",1595678068068212700,1595678068068212736,1346067997451026400,1346067997451026433,CVaccinebot,,,,NA,FALSE,0,0,FALSE,FALSE,en,NA,NA,NA,,"🧪 Vaccines used globally

Sinopharm/Beijing (contd.):
🇭🇺 HU 🇮🇩 ID 🇮🇷 IR 🇮🇶 IQ 🇯🇴 JO 🇰🇿 KZ 🇰🇪 KE 🇰🇬 KG 🇰🇭 KH 🇰🇼 KW 🇱🇦 LA 🇱🇧 LB 🇱🇾 LY 🇱🇰 LK 🇱🇸 LS 🇲🇴 MO 🇲🇦 MA 🇲🇩 MD 🇲🇬 MG 🇲🇻 MV 🇲🇰 MK 🇲🇲 MM 🇲🇪 ME 🇲🇳 MN 🇲🇿 MZ 🇲🇷 MR 🇲🇾 MY 🇳🇦 NA 🇳🇪 NE 🇳🇵 NP 🇴🇲 OM 🇵🇰 PK 🇵🇪 PE 🇵🇭 PH",NA,NA,NA,NA,NA,NA,NA,NA,NA,NA,NA,NA,NA,NA
2022-11-24T06:08:08Z,1595660519741935600,1595660519741935616,Sinopharm developing three potential monkeypox vaccines https://t.co/DqMxbKXkO1,FALSE,79,,,"<a href=""https://bots.thedextazlab.com"" rel=""nofollow"">@thedextazlab</a>",NA,NA,NA,NA,NA,,,,NA,FALSE,0,0,FALSE,FALSE,en,FALSE,NA,NA,,Sinopharm developing three potential monkeypox vaccines https://t.co/DqMxbKXkO1,NA,NA,NA,NA,NA,NA,NA,NA,NA,NA,NA,NA,NA,NA
2022-11-24T05:54:54Z,1595657188936413200,1595657188936413185,"@RebeccaYChan Russia's Sputnik a viral vector vacc has more or less the same deadly side effects as mRNA shots,Just like viral vector vaccines like UK astrazeneca &amp; rebranded as covisheild in India. Traditional platforms like inactivated virus vacc covaxin(India) &amp; sinopharm(china) haven't...",FALSE,301,,,"<a href=""http://twitter.com/download/android"" rel=""nofollow"">Twitter for Android</a>",1595654706721742800,1595654706721742848,31481543,31481543,RebeccaYChan,,,,NA,FALSE,0,0,FALSE,FALSE,en,NA,NA,NA,,"@RebeccaYChan Russia's Sputnik a viral vector vacc has more or less the same deadly side effects as mRNA shots,Just like viral vector vaccines like UK astrazeneca &amp; rebranded as covisheild in India. Traditional platforms like inactivated virus vacc covaxin(India) &amp; sinopharm(china) haven't...",NA,NA,NA,NA,NA,NA,NA,NA,NA,NA,NA,NA,NA,NA
2022-11-24T05:51:14Z,1595656267514740700,1595656267514740738,@spectatorindex And someone wants me to believe that sinovac and sinopharm vaccines actually work..... Getaway mhani,FALSE,116,,,"<a href=""http://twitter.com/download/android"" rel=""nofollow"">Twitter for Android</a>",1595615720981041200,1595615720981041152,1626294277,1626294277,spectatorindex,,,,NA,FALSE,0,4,FALSE,FALSE,en,NA,NA,NA,,@spectatorindex And someone wants me to believe that sinovac and sinopharm vaccines actually work..... Getaway mhani,NA,NA,NA,NA,NA,NA,NA,NA,NA,NA,NA,NA,NA,NA
2022-11-24T03:44:58Z,1595624489307578400,1595624489307578370,"@TedStamos @doumenzi @michaelxpettis @Nouriel The Twitter experts(tm) were arguing that we would watch a disaster because a lot of countries were using Sinovac and Sinopharm as their most used vaccines. We didn't see this disaster, even if a lot of countries boosted with AstraZeneca and Pfizer.",FALSE,295,,,"<a href=""https://mobile.twitter.com"" rel=""nofollow"">Twitter Web App</a>",1595417425863917600,1595417425863917570,887983512,887983512,TedStamos,,,,NA,FALSE,0,0,FALSE,FALSE,en,NA,NA,NA,,"@TedStamos @doumenzi @michaelxpettis @Nouriel The Twitter experts(tm) were arguing that we would watch a disaster because a lot of countries were using Sinovac and Sinopharm as their most used vaccines. We didn't see this disaster, even if a lot of countries boosted with AstraZeneca and Pfizer.",NA,NA,NA,NA,NA,NA,NA,NA,NA,NA,NA,NA,NA,NA
2022-11-24T02:09:18Z,1595600415441109e3,1595600415441108992,"@michaeltemkin @BNOFeed Worse than the above countries I mentioned, which still had issues opening up. And with the least effective vaccines available (CoronaVac/Sinopharm) https://t.co/8DAQoRRTwS",FALSE,172,,,"<a href=""http://twitter.com/download/android"" rel=""nofollow"">Twitter for Android</a>",1595594546809012200,1595594546809012224,47843500,47843500,michaeltemkin,,,,NA,FALSE,0,3,FALSE,FALSE,en,FALSE,NA,NA,,"@michaeltemkin @BNOFeed Worse than the above countries I mentioned, which still had issues opening up. And with the least effective vaccines available (CoronaVac/Sinopharm) https://t.co/8DAQoRRTwS",NA,NA,NA,NA,NA,NA,NA,NA,NA,NA,NA,NA,NA,NA
2022-11-24T01:16:36Z,1595587153471627300,1595587153471627264,@WilliamJKelleh1 @Joyce_Karam Or they know that they have infiltrated chinese with glucose in the name of sinopharm vaccine (shhit vaccine) so continuing with zero covid policy,FALSE,176,,,"<a href=""http://twitter.com/download/android"" rel=""nofollow"">Twitter for Android</a>",1595496541665562600,1595496541665562640,1210327848340213800,1210327848340213760,WilliamJKelleh1,,,,NA,FALSE,0,0,FALSE,FALSE,en,NA,NA,NA,,@WilliamJKelleh1 @Joyce_Karam Or they know that they have infiltrated chinese with glucose in the name of sinopharm vaccine (shhit vaccine) so continuing with zero covid policy,NA,NA,NA,NA,NA,NA,NA,NA,NA,NA,NA,NA,NA,NA
2022-11-24T01:07:15Z,1595584798571077600,1595584798571077633,"@ericowensdc - that said, the data from HK reckons three jabs of sinopharm is pretty good protection. Not as good as mRNA or viral vector vaccines but still more than good enough.
- not enough are triple jabbed.
- lastly, folk are terrified of Covid.",FALSE,250,,,"<a href=""http://twitter.com/download/iphone"" rel=""nofollow"">Twitter for iPhone</a>",1595584166158123e3,1595584166158123009,18670278,18670278,tonymacaroni,,,,NA,FALSE,0,1,FALSE,FALSE,en,NA,NA,NA,,"@ericowensdc - that said, the data from HK reckons three jabs of sinopharm is pretty good protection. Not as good as mRNA or viral vector vaccines but still more than good enough.
- not enough are triple jabbed.
- lastly, folk are terrified of Covid.",NA,NA,NA,NA,NA,NA,NA,NA,NA,NA,NA,NA,NA,NA
2022-11-24T01:06:21Z,1595584571688378400,1595584571688378368,"Overseas vaccination checking service available at #Brighton [ https://t.co/FkRXaihxem ] If you or your child had any of your #Covid19 vaccinations outside of #England, #Beijing Institute of Biological Products (#Sinopharm BIBP) Bharat #Biotech https://t.co/KPizYh8JsB",FALSE,268,,,"<a href=""http://www.axisum.com"" rel=""nofollow"">Tiana1</a>",NA,NA,NA,NA,NA,,,,NA,FALSE,0,0,FALSE,FALSE,en,FALSE,NA,NA,,"Overseas vaccination checking service available at #Brighton [ https://t.co/FkRXaihxem ] If you or your child had any of your #Covid19 vaccinations outside of #England, #Beijing Institute of Biological Products (#Sinopharm BIBP) Bharat #Biotech https://t.co/KPizYh8JsB",NA,NA,NA,NA,NA,NA,NA,NA,NA,NA,NA,NA,NA,NA
2022-11-23T15:33:09Z,1595440322792018e3,1595440322792017920,Less effectiveness of #Sinovac #Sinopharm vaccines is costing Chinese ppl dearly https://t.co/gaNeS6rgQD,FALSE,80,,,"<a href=""http://twitter.com/#!/download/ipad"" rel=""nofollow"">Twitter for iPad</a>",NA,NA,NA,NA,NA,,,,NA,TRUE,0,0,FALSE,FALSE,en,FALSE,1595424433249738800,1595424433249738752,,Less effectiveness of #Sinovac #Sinopharm vaccines is costing Chinese ppl dearly https://t.co/gaNeS6rgQD,NA,NA,NA,NA,NA,NA,NA,NA,NA,NA,NA,NA,NA,NA
2022-11-23T10:21:48Z,1595361970420871200,1595361970420871168,Does this bear on sinopharm's efficacy? Mortality? https://t.co/M2eLAUAOJG,FALSE,50,,,"<a href=""http://twitter.com/download/iphone"" rel=""nofollow"">Twitter for iPhone</a>",NA,NA,NA,NA,NA,,,,NA,TRUE,0,0,FALSE,FALSE,en,FALSE,1595325383896768500,1595325383896768513,,Does this bear on sinopharm's efficacy? Mortality? https://t.co/M2eLAUAOJG,NA,NA,NA,NA,NA,NA,NA,NA,NA,NA,NA,NA,NA,NA
2022-11-23T07:53:03Z,1595324535401693200,1595324535401693184,"@SCMPNews CCP is caught between a rock and a hard place. Sinovax and Sinopharm vaccines are ineffective, but lockdowns have prevented mass exposure relatively well. So no natural herd immunity either. 

And now everyone is finding out that the rest of the world has largely forgotten Covid.",FALSE,290,,,"<a href=""http://twitter.com/download/iphone"" rel=""nofollow"">Twitter for iPhone</a>",1595322898754859e3,1595322898754859009,23922797,23922797,SCMPNews,,,,NA,FALSE,0,1,FALSE,FALSE,en,NA,NA,NA,,"@SCMPNews CCP is caught between a rock and a hard place. Sinovax and Sinopharm vaccines are ineffective, but lockdowns have prevented mass exposure relatively well. So no natural herd immunity either. 

And now everyone is finding out that the rest of the world has largely forgotten Covid.",NA,NA,NA,NA,NA,NA,NA,NA,NA,NA,NA,NA,NA,NA
2022-11-23T00:35:37Z,1595214452642791400,1595214452642791424,"..Finally, it is also important to note that vaccinations with AstraZeneca (viral vector, genetically modified virus vaccine) and Pfizer (mRNA vaccine), but not Sinopharm (inactivated virus vaccine), may aggravate the neuropsychiatric symptoms and, in particular, the somatic",FALSE,275,,,"<a href=""http://twitter.com/download/android"" rel=""nofollow"">Twitter for Android</a>",1595214451065688e3,1595214451065688065,1527201792832032800,1527201792832032768,ScienceThorsten,,,,NA,FALSE,5,33,FALSE,FALSE,en,NA,NA,NA,,"..Finally, it is also important to note that vaccinations with AstraZeneca (viral vector, genetically modified virus vaccine) and Pfizer (mRNA vaccine), but not Sinopharm (inactivated virus vaccine), may aggravate the neuropsychiatric symptoms and, in particular, the somatic",NA,NA,NA,NA,NA,NA,NA,NA,NA,NA,NA,NA,NA,NA
2022-11-22T23:07:58Z,1595192393569304600,1595192393569304576,"@thereal_truther @MarcusCRF300 @Humble_Analysis Also, Chile appears to have primarily used the inactivated virus vaccines (Sinopharm and Sinovax) which do not appear to be as efficacious as the mRNA vaccines against COVID-19.",FALSE,225,,,"<a href=""https://mobile.twitter.com"" rel=""nofollow"">Twitter Web App</a>",1595161172977733600,1595161172977733632,4322065997,4322065997,thereal_truther,,,,NA,FALSE,1,6,FALSE,FALSE,en,NA,NA,NA,,"@thereal_truther @MarcusCRF300 @Humble_Analysis Also, Chile appears to have primarily used the inactivated virus vaccines (Sinopharm and Sinovax) which do not appear to be as efficacious as the mRNA vaccines against COVID-19.",NA,NA,NA,NA,NA,NA,NA,NA,NA,NA,NA,NA,NA,NA
2022-11-22T19:49:11Z,1595142366771687400,1595142366771687424,"@macmac801031 @daloore @GYamey @SwaledaleMutton Lol. Sinopharm is a Chinese state-owned company. I don’t think the Illuminati, Bilderbergs, the Jews, or whatever mysterious unknown nefarious characters you want to imagine influenced the CCP to join the conspiracy. Face it, all you know is what anti-vaxxers have told you.",FALSE,322,,,"<a href=""http://twitter.com/download/iphone"" rel=""nofollow"">Twitter for iPhone</a>",1595079677651165200,1595079677651165184,2982626747,2982626747,macmac801031,,,,NA,FALSE,0,0,FALSE,FALSE,en,NA,NA,NA,,"@macmac801031 @daloore @GYamey @SwaledaleMutton Lol. Sinopharm is a Chinese state-owned company. I don’t think the Illuminati, Bilderbergs, the Jews, or whatever mysterious unknown nefarious characters you want to imagine influenced the CCP to join the conspiracy. Face it, all you know is what anti-vaxxers have told you.",NA,NA,NA,NA,NA,NA,NA,NA,NA,NA,NA,NA,NA,NA
2022-11-22T17:18:00Z,1595104323104489500,1595104323104489472,"@TRyanGregory So far, they've used Sinopharm &amp; Sinovac. They seem to be less effective than mRNA vaccines but still provide near 70% protection against hospitalization. And isn't the threat of immune-escaping variant something those of us who had mRNA vaccines or previous infections also face?",FALSE,298,,,"<a href=""https://mobile.twitter.com"" rel=""nofollow"">Twitter Web App</a>",1595049928207876e3,1595049928207876096,151257881,151257881,TRyanGregory,,,,NA,FALSE,0,0,FALSE,FALSE,en,NA,NA,NA,,"@TRyanGregory So far, they've used Sinopharm &amp; Sinovac. They seem to be less effective than mRNA vaccines but still provide near 70% protection against hospitalization. And isn't the threat of immune-escaping variant something those of us who had mRNA vaccines or previous infections also face?",NA,NA,NA,NA,NA,NA,NA,NA,NA,NA,NA,NA,NA,NA
2022-11-22T15:55:04Z,1595083449911713800,1595083449911713795,"@TRyanGregory I can't remember -- did China adopt any of the mRNA viruses from the west, or is the SinoPharm one the only one they are using?  I recall the efficacy was only around 60% for early variants so I can't imagine it's held up well to Omicron.",FALSE,252,,,"<a href=""https://mobile.twitter.com"" rel=""nofollow"">Twitter Web App</a>",1595047960987025400,1595047960987025412,151257881,151257881,TRyanGregory,,,,NA,FALSE,0,0,FALSE,FALSE,en,NA,NA,NA,,"@TRyanGregory I can't remember -- did China adopt any of the mRNA viruses from the west, or is the SinoPharm one the only one they are using?  I recall the efficacy was only around 60% for early variants so I can't imagine it's held up well to Omicron.",NA,NA,NA,NA,NA,NA,NA,NA,NA,NA,NA,NA,NA,NA
2022-11-22T15:40:04Z,1595079677651165200,1595079677651165184,@PattonCarter @daloore @GYamey @SwaledaleMutton In terms of Sinovac and Sinopharm or any big pharma have a look at the shareholders. See how long it takes for Black rock or vanguard to appear.,FALSE,192,,,"<a href=""http://twitter.com/download/android"" rel=""nofollow"">Twitter for Android</a>",1595035203743125500,1595035203743125504,1024103701,1024103701,PattonCarter,,,,NA,FALSE,0,0,FALSE,FALSE,en,NA,NA,NA,,@PattonCarter @daloore @GYamey @SwaledaleMutton In terms of Sinovac and Sinopharm or any big pharma have a look at the shareholders. See how long it takes for Black rock or vanguard to appear.,NA,NA,NA,NA,NA,NA,NA,NA,NA,NA,NA,NA,NA,NA
2022-11-22T12:58:46Z,1595039083671310300,1595039083671310338,"""Sinopharm vaccine: RTI Commission orders NMRA to release details before December 1""

This is an important development! The RTI Commission's order must be complied with.

https://t.co/50yczvK6Bu",FALSE,194,,,"<a href=""https://mobile.twitter.com"" rel=""nofollow"">Twitter Web App</a>",NA,NA,NA,NA,NA,,,,NA,FALSE,7,9,FALSE,FALSE,en,FALSE,NA,NA,,"""Sinopharm vaccine: RTI Commission orders NMRA to release details before December 1""

This is an important development! The RTI Commission's order must be complied with.

https://t.co/50yczvK6Bu",NA,NA,NA,NA,NA,NA,NA,NA,NA,NA,NA,NA,NA,NA
2022-11-22T12:53:14Z,1595037691577790500,1595037691577790464,"@AntargatVyapari @AnnieClaireBO Btw I took two shots of Sinovac plus one booster shot of Sinopharm... No VAERS, I am just fine. Btw I don't have faith in any mRNA so won't take any into my body. Live in the other part of Asia.

WATCH JEFFREY SACHS, AND READ COMMENTS THERE 👇👇👇
https://t.co/ZFvATko2Zp",FALSE,300,,,"<a href=""https://mobile.twitter.com"" rel=""nofollow"">Twitter Web App</a>",1594992279085023200,1594992279085023232,1567775558372855800,1567775558372855809,AntargatVyapari,,,,NA,FALSE,0,0,FALSE,FALSE,en,FALSE,NA,NA,,"@AntargatVyapari @AnnieClaireBO Btw I took two shots of Sinovac plus one booster shot of Sinopharm... No VAERS, I am just fine. Btw I don't have faith in any mRNA so won't take any into my body. Live in the other part of Asia.

WATCH JEFFREY SACHS, AND READ COMMENTS THERE 👇👇👇
https://t.co/ZFvATko2Zp",NA,NA,NA,NA,NA,NA,NA,NA,NA,NA,NA,NA,NA,NA
2022-11-22T12:50:00Z,1595036877194657800,1595036877194657793,@macmac801031 @daloore @GYamey @SwaledaleMutton You are a master of evidence-less vague general conspiratorial accusations. Got any evidence of these crazy ideas you have. Maybe start with how Sinopharm and Sinovac or any of them are controlled by some nefarious cabal?,FALSE,269,,,"<a href=""http://twitter.com/download/iphone"" rel=""nofollow"">Twitter for iPhone</a>",1594766028525174800,1594766028525174784,2982626747,2982626747,macmac801031,,,,NA,FALSE,0,0,FALSE,FALSE,en,NA,NA,NA,,@macmac801031 @daloore @GYamey @SwaledaleMutton You are a master of evidence-less vague general conspiratorial accusations. Got any evidence of these crazy ideas you have. Maybe start with how Sinopharm and Sinovac or any of them are controlled by some nefarious cabal?,NA,NA,NA,NA,NA,NA,NA,NA,NA,NA,NA,NA,NA,NA
2022-11-22T12:43:21Z,1595035203743125500,1595035203743125504,"@macmac801031 @daloore @GYamey @SwaledaleMutton So Sinovac and Sinopharm are owned by the same people who own Pfizer? Lol. And they’re all in a conspiracy too? Keep typing dude. This is entertaining. I’m waiting on whether you’ll blame the Illuminati, Bilderberg, or the Jews next?",FALSE,281,,,"<a href=""http://twitter.com/download/iphone"" rel=""nofollow"">Twitter for iPhone</a>",1594766028525174800,1594766028525174784,2982626747,2982626747,macmac801031,,,,NA,FALSE,0,0,FALSE,FALSE,en,NA,NA,NA,,"@macmac801031 @daloore @GYamey @SwaledaleMutton So Sinovac and Sinopharm are owned by the same people who own Pfizer? Lol. And they’re all in a conspiracy too? Keep typing dude. This is entertaining. I’m waiting on whether you’ll blame the Illuminati, Bilderberg, or the Jews next?",NA,NA,NA,NA,NA,NA,NA,NA,NA,NA,NA,NA,NA,NA
2022-11-22T11:49:06Z,1595021551690195e3,1595021551690194945,"wish they'd have highlighted the fact this is unique to mRNA jabs...there doesn't seem to be info on data to support that SputnikV or Sinopharm, &amp; other vaccines which aren't the western mRNA type, hurts ppl. i didn't get 1 cuz i was sick in Dec 19 w/ CV19
https://t.co/yDOQQ69phN",FALSE,284,,,"<a href=""https://mobile.twitter.com"" rel=""nofollow"">Twitter Web App</a>",NA,NA,NA,NA,NA,,,,NA,FALSE,0,0,FALSE,FALSE,en,FALSE,NA,NA,,"wish they'd have highlighted the fact this is unique to mRNA jabs...there doesn't seem to be info on data to support that SputnikV or Sinopharm, &amp; other vaccines which aren't the western mRNA type, hurts ppl. i didn't get 1 cuz i was sick in Dec 19 w/ CV19
https://t.co/yDOQQ69phN",NA,NA,NA,NA,NA,NA,NA,NA,NA,NA,NA,NA,NA,NA
2022-11-22T11:21:05Z,1595014502361497600,1595014502361497602,"@stewartclark000 @jahafabdulsalam I think it has nothing to do with China.
Several types of vaccines were made in Iran for the corona disease, &amp; various vaccines were imported from outside Iran, and anyone could inject the vaccine they wanted.
For example, my sister injected Sinopharm &amp; I injected Iranian vaccine",FALSE,322,,,"<a href=""http://twitter.com/download/android"" rel=""nofollow"">Twitter for Android</a>",1595012791077081e3,1595012791077081088,1466650005620494300,1466650005620494336,stewartclark000,,,,NA,FALSE,0,1,FALSE,FALSE,en,NA,NA,NA,,"@stewartclark000 @jahafabdulsalam I think it has nothing to do with China.
Several types of vaccines were made in Iran for the corona disease, &amp; various vaccines were imported from outside Iran, and anyone could inject the vaccine they wanted.
For example, my sister injected Sinopharm &amp; I injected Iranian vaccine",NA,NA,NA,NA,NA,NA,NA,NA,NA,NA,NA,NA,NA,NA
2022-11-22T11:15:15Z,1595013033365229600,1595013033365229569,"@stewartclark000 @jahafabdulsalam I have not had Sinopharm vaccine and no problem has arisen😅
Iran had suggested that all the people of Iran inject any vaccine they want. 
Some people were not vaccinated
I injected the vaccine produced by the Iranians",FALSE,251,,,"<a href=""http://twitter.com/download/android"" rel=""nofollow"">Twitter for Android</a>",1595011995438559200,1595011995438559233,1466650005620494300,1466650005620494336,stewartclark000,,,,NA,FALSE,0,1,FALSE,FALSE,en,NA,NA,NA,,"@stewartclark000 @jahafabdulsalam I have not had Sinopharm vaccine and no problem has arisen😅
Iran had suggested that all the people of Iran inject any vaccine they want. 
Some people were not vaccinated
I injected the vaccine produced by the Iranians",NA,NA,NA,NA,NA,NA,NA,NA,NA,NA,NA,NA,NA,NA
2022-11-22T11:11:08Z,1595011995438559200,1595011995438559233,"@Telmaa1996 @jahafabdulsalam ""General population were to take the Sinopharm BIBP vaccine. From December 2021 electronic vaccine certificate were mandatory for work, mandatory service in Iranian Armed Forces, universities, and schools."" https://t.co/3lVcwVUvQ7",FALSE,259,,,"<a href=""http://twitter.com/download/android"" rel=""nofollow"">Twitter for Android</a>",1594987592403009500,1594987592403009537,1239899748934484e3,1239899748934483969,Telmaa1996,,,,NA,FALSE,0,0,FALSE,FALSE,en,FALSE,NA,NA,,"@Telmaa1996 @jahafabdulsalam ""General population were to take the Sinopharm BIBP vaccine. From December 2021 electronic vaccine certificate were mandatory for work, mandatory service in Iranian Armed Forces, universities, and schools."" https://t.co/3lVcwVUvQ7",NA,NA,NA,NA,NA,NA,NA,NA,NA,NA,NA,NA,NA,NA
2022-11-22T05:58:00Z,1594933192322175e3,1594933192322174976,@Pervy3age You should have just taken 4 doses of Sinopharm 😉.,FALSE,61,,,"<a href=""http://twitter.com/download/android"" rel=""nofollow"">Twitter for Android</a>",1594891015814611e3,1594891015814610944,3266225688,3266225688,Pervy3age,,,,NA,FALSE,0,0,FALSE,FALSE,en,NA,NA,NA,,@Pervy3age You should have just taken 4 doses of Sinopharm 😉.,NA,NA,NA,NA,NA,NA,NA,NA,NA,NA,NA,NA,NA,NA
2022-11-22T05:48:27Z,1594930789665632300,1594930789665632256,"Retweet selected by the https://t.co/kmOCQTGgyJ team |  China's Covid-19 vaccine to cost around $150, expected by year's endmanufacturer Sinopharm CEO #world_news https://t.co/Duc9mwfgCU https://t.co/UZn3DQweUZ",FALSE,186,,,"<a href=""https://www.linkedin.com/in/georgiosfradelos/"" rel=""nofollow"">GFradelosTweeterApp1</a>",NA,NA,NA,NA,NA,,,,NA,FALSE,0,0,FALSE,FALSE,en,FALSE,NA,NA,,"Retweet selected by the https://t.co/kmOCQTGgyJ team |  China's Covid-19 vaccine to cost around $150, expected by year's endmanufacturer Sinopharm CEO #world_news https://t.co/Duc9mwfgCU https://t.co/UZn3DQweUZ",NA,NA,NA,NA,NA,NA,NA,NA,NA,NA,NA,NA,NA,NA
2022-11-22T04:50:43Z,1594916260957282300,1594916260957282304,@RTLnieuws Here we go again. Geweldig zo’n Sinovac of Sinopharm shot. 🥴,FALSE,71,,,"<a href=""http://twitter.com/download/iphone"" rel=""nofollow"">Twitter for iPhone</a>",1594794499804647400,1594794499804647424,20968385,20968385,RTLnieuws,,,,NA,FALSE,0,0,FALSE,FALSE,en,NA,NA,NA,,@RTLnieuws Here we go again. Geweldig zo’n Sinovac of Sinopharm shot. 🥴,NA,NA,NA,NA,NA,NA,NA,NA,NA,NA,NA,NA,NA,NA
2022-11-22T04:09:47Z,1594905961348857900,1594905961348857859,"@GregHerczeg Should we believe data from tests that were done with Sinovac and Sinopharm in Hong Kong, UAE, Indonesia? 🤷",FALSE,120,,,"<a href=""http://twitter.com/download/iphone"" rel=""nofollow"">Twitter for iPhone</a>",1594662738605015e3,1594662738605015040,826305532218576900,826305532218576896,GregHerczeg,,,,NA,FALSE,0,0,FALSE,FALSE,en,NA,NA,NA,,"@GregHerczeg Should we believe data from tests that were done with Sinovac and Sinopharm in Hong Kong, UAE, Indonesia? 🤷",NA,NA,NA,NA,NA,NA,NA,NA,NA,NA,NA,NA,NA,NA
2022-11-22T03:27:01Z,1594895195665039400,1594895195665039361,"Sinopharm Kunming Plasma-Derived Biotherapies Co Ltd plasma-derived medicinal products made its debut at the Sixth China-South Asia Exposition which opened in Kunming, capital city of Southwest China's Yunnan province, on Nov 19. https://t.co/axMONG5RHq",FALSE,229,,,"<a href=""https://mobile.twitter.com"" rel=""nofollow"">Twitter Web App</a>",NA,NA,NA,NA,NA,,,,NA,FALSE,0,0,FALSE,FALSE,en,FALSE,NA,NA,,"Sinopharm Kunming Plasma-Derived Biotherapies Co Ltd plasma-derived medicinal products made its debut at the Sixth China-South Asia Exposition which opened in Kunming, capital city of Southwest China's Yunnan province, on Nov 19. https://t.co/axMONG5RHq",NA,NA,NA,NA,NA,NA,NA,NA,NA,NA,NA,NA,NA,NA
2022-11-22T02:11:56Z,1594876301134991400,1594876301134991360,"Yunnan's self-produced plasma-derived medicinal products make debut at China-South Asia Exposition
Sinopharm Kunming Plasma-Derived Biotherapies Co Ltd plasma-derived medicinal products made its debut at the Sixth China-South Asia Exposition which opened in Kunming https://t.co/8rNC8WqUJw",FALSE,265,,,"<a href=""https://mobile.twitter.com"" rel=""nofollow"">Twitter Web App</a>",NA,NA,NA,NA,NA,,,,NA,FALSE,0,1,FALSE,FALSE,en,FALSE,NA,NA,,"Yunnan's self-produced plasma-derived medicinal products make debut at China-South Asia Exposition
Sinopharm Kunming Plasma-Derived Biotherapies Co Ltd plasma-derived medicinal products made its debut at the Sixth China-South Asia Exposition which opened in Kunming https://t.co/8rNC8WqUJw",NA,NA,NA,NA,NA,NA,NA,NA,NA,NA,NA,NA,NA,NA
2022-11-21T23:34:33Z,1594836696755212300,1594836696755212295,"#Sinopharm #Kunming Plasma-Derived Biotherapies Co., Ltd plasma-derived medicinal products made its debut at the Sixth China-South Asia Exposition which opened in Kunming, capital city of Southwest China's #Yunnan province, on Nov 19. #ChineseEnterprises
https://t.co/bST5fyTULc https://t.co/bjOxTMUG5B",FALSE,278,,,"<a href=""http://www.falcon.io"" rel=""nofollow"">Brandwatch</a>",NA,NA,NA,NA,NA,,,,NA,FALSE,0,1,FALSE,FALSE,en,FALSE,NA,NA,,"#Sinopharm #Kunming Plasma-Derived Biotherapies Co., Ltd plasma-derived medicinal products made its debut at the Sixth China-South Asia Exposition which opened in Kunming, capital city of Southwest China's #Yunnan province, on Nov 19. #ChineseEnterprises
https://t.co/bST5fyTULc https://t.co/bjOxTMUG5B",NA,NA,NA,NA,NA,NA,NA,NA,NA,NA,NA,NA,NA,NA
2022-11-21T21:52:27Z,1594811000942755800,1594811000942755840,"@UrethraFranken @TamDZS @roastchili @Fetusberry @shoe0nhead @elonmusk @KimDotcom @SamHarrisOrg A socialist vaccine? Haven't heard of it.

The commies in China did ok with i heard. Go get the Sinovac or the Sinopharm vaccine! HahahahahahhaHHHHHGgHHahahhaahah https://t.co/LWJFbFoFPG",FALSE,257,,,"<a href=""http://twitter.com/download/android"" rel=""nofollow"">Twitter for Android</a>",1594809404498804700,1594809404498804736,301025724,301025724,UrethraFranken,,,,NA,FALSE,0,0,FALSE,FALSE,en,FALSE,NA,NA,,"@UrethraFranken @TamDZS @roastchili @Fetusberry @shoe0nhead @elonmusk @KimDotcom @SamHarrisOrg A socialist vaccine? Haven't heard of it.

The commies in China did ok with i heard. Go get the Sinovac or the Sinopharm vaccine! HahahahahahhaHHHHHGgHHahahhaahah https://t.co/LWJFbFoFPG",NA,NA,NA,NA,NA,NA,NA,NA,NA,NA,NA,NA,NA,NA
2022-11-21T21:21:29Z,1594803208681324500,1594803208681324544,"According to the health office's data, the Zifivax vaccine can be administered as the third dose to people who have received the Sinovac or Sinopharm vaccines for their first and second dose vaccination.",FALSE,203,,,"<a href=""https://mobile.twitter.com"" rel=""nofollow"">Twitter Web App</a>",1594803204306636800,1594803204306636800,14372104,14372104,gchahal,,,,NA,FALSE,3,3,FALSE,FALSE,en,NA,NA,NA,,"According to the health office's data, the Zifivax vaccine can be administered as the third dose to people who have received the Sinovac or Sinopharm vaccines for their first and second dose vaccination.",NA,NA,NA,NA,NA,NA,NA,NA,NA,NA,NA,NA,NA,NA
2022-11-21T19:49:51Z,1594780147244499e3,1594780147244498944,"@pakwira @leolordjones China went for more traditional inactivated virus vaccines (development started 1st week of 2020). They too are ""safe and effective."" Now China has an inhaled covid vaccine.

https://t.co/A5SqT9MooL",FALSE,221,,,"<a href=""https://mobile.twitter.com"" rel=""nofollow"">Twitter Web App</a>",1594723965754564600,1594723965754564610,98915187,98915187,pakwira,,,,NA,FALSE,0,1,FALSE,FALSE,en,FALSE,NA,NA,,"@pakwira @leolordjones China went for more traditional inactivated virus vaccines (development started 1st week of 2020). They too are ""safe and effective."" Now China has an inhaled covid vaccine.

https://t.co/A5SqT9MooL",NA,NA,NA,NA,NA,NA,NA,NA,NA,NA,NA,NA,NA,NA
2022-11-21T13:54:53Z,1594690818194825200,1594690818194825216,"Retweet selected by the https://t.co/kmOCQTo7kB team |  China's Covid-19 vaccine to cost around $150, expected by year's endmanufacturer Sinopharm CEO #world_news https://t.co/Duc9mvX7oM https://t.co/EZZmtVAfXc",FALSE,186,,,"<a href=""https://www.linkedin.com/in/georgiosfradelos/"" rel=""nofollow"">GFradelosTweeterApp1</a>",NA,NA,NA,NA,NA,,,,NA,FALSE,0,0,FALSE,FALSE,en,FALSE,NA,NA,,"Retweet selected by the https://t.co/kmOCQTo7kB team |  China's Covid-19 vaccine to cost around $150, expected by year's endmanufacturer Sinopharm CEO #world_news https://t.co/Duc9mvX7oM https://t.co/EZZmtVAfXc",NA,NA,NA,NA,NA,NA,NA,NA,NA,NA,NA,NA,NA,NA
2022-11-21T08:55:06Z,1594615375437697e3,1594615375437697025,"It has phosphate buffer red saline.

So you will be correct afterall

Maybe u guys should be the ones who they should have given Sinopharm of Pfizer instead.

There is no treatment for stupidity, is there ? https://t.co/VfmXrVcoqx",FALSE,206,,,"<a href=""http://twitter.com/download/android"" rel=""nofollow"">Twitter for Android</a>",NA,NA,NA,NA,NA,,,,NA,TRUE,0,4,FALSE,FALSE,en,FALSE,1594536884176269300,1594536884176269312,,"It has phosphate buffer red saline.

So you will be correct afterall

Maybe u guys should be the ones who they should have given Sinopharm of Pfizer instead.

There is no treatment for stupidity, is there ? https://t.co/VfmXrVcoqx",NA,NA,NA,NA,NA,NA,NA,NA,NA,NA,NA,NA,NA,NA
2022-11-21T08:37:42Z,1594610994667552800,1594610994667552768,"@Su15100307 @IceBearReturns @jorymicah @mikeraburn Susan, do you have a concern with all seven of the WHO-approved vaccines or only the one made by Moderna?
AstraZeneca (Vaxzevria)
CanSino-Convidecia
Covovax
Covishield
Covaxin
Sinovac (CoronaVac)
Sinopharm/BIBP

In the the U.S., for example, you had 3 to choose from alone.",FALSE,324,,,"<a href=""http://twitter.com/download/android"" rel=""nofollow"">Twitter for Android</a>",1594608240108736500,1594608240108736512,1278743118058270700,1278743118058270725,Su15100307,,,,NA,FALSE,0,0,FALSE,FALSE,en,NA,NA,NA,,"@Su15100307 @IceBearReturns @jorymicah @mikeraburn Susan, do you have a concern with all seven of the WHO-approved vaccines or only the one made by Moderna?
AstraZeneca (Vaxzevria)
CanSino-Convidecia
Covovax
Covishield
Covaxin
Sinovac (CoronaVac)
Sinopharm/BIBP

In the the U.S., for example, you had 3 to choose from alone.",NA,NA,NA,NA,NA,NA,NA,NA,NA,NA,NA,NA,NA,NA
2022-11-21T07:17:52Z,1594590904551194600,1594590904551194626,"🧪 Vaccines used globally

Sinopharm/Wuhan:
🇦🇪 AE 🇦🇲 AM 🇨🇳 CN 🇲🇰 MK 🇻🇪 VE",FALSE,72,,,"<a href=""https://help.twitter.com/en/using-twitter/how-to-tweet#source-labels"" rel=""nofollow"">Covid Vaccine Rollout Bot</a>",1594590903435264e3,1594590903435264000,1346067997451026400,1346067997451026433,CVaccinebot,,,,NA,FALSE,0,0,FALSE,FALSE,en,NA,NA,NA,,"🧪 Vaccines used globally

Sinopharm/Wuhan:
🇦🇪 AE 🇦🇲 AM 🇨🇳 CN 🇲🇰 MK 🇻🇪 VE",NA,NA,NA,NA,NA,NA,NA,NA,NA,NA,NA,NA,NA,NA
2022-11-21T07:17:52Z,1594590903435264e3,1594590903435264000,"🧪 Vaccines used globally

Sinopharm/Beijing (contd.):
🇵🇹 PT 🇵🇾 PY 🇵🇸 PS 🇶🇦 QA 🇷🇼 RW 🇸🇩 SD 🇸🇳 SN 🇸🇬 SG 🇸🇱 SL 🇸🇻 SV 🇸🇴 SO 🇷🇸 RS 🇸🇷 SR 🇸🇨 SC 🇸🇾 SY 🇹🇩 TD 🇹🇭 TH 🇹🇲 TM 🇹🇹 TT 🇹🇳 TN 🇹🇷 TR 🇹🇿 TZ 🇻🇪 VE 🇻🇳 VN 🇾🇪 YE 🇿🇲 ZM 🇿🇼 ZW",FALSE,215,,,"<a href=""https://help.twitter.com/en/using-twitter/how-to-tweet#source-labels"" rel=""nofollow"">Covid Vaccine Rollout Bot</a>",1594590902097350700,1594590902097350656,1346067997451026400,1346067997451026433,CVaccinebot,,,,NA,FALSE,0,0,FALSE,FALSE,en,NA,NA,NA,,"🧪 Vaccines used globally

Sinopharm/Beijing (contd.):
🇵🇹 PT 🇵🇾 PY 🇵🇸 PS 🇶🇦 QA 🇷🇼 RW 🇸🇩 SD 🇸🇳 SN 🇸🇬 SG 🇸🇱 SL 🇸🇻 SV 🇸🇴 SO 🇷🇸 RS 🇸🇷 SR 🇸🇨 SC 🇸🇾 SY 🇹🇩 TD 🇹🇭 TH 🇹🇲 TM 🇹🇹 TT 🇹🇳 TN 🇹🇷 TR 🇹🇿 TZ 🇻🇪 VE 🇻🇳 VN 🇾🇪 YE 🇿🇲 ZM 🇿🇼 ZW",NA,NA,NA,NA,NA,NA,NA,NA,NA,NA,NA,NA,NA,NA
2022-11-21T07:17:51Z,1594590902097350700,1594590902097350656,"🧪 Vaccines used globally

Sinopharm/Beijing (contd.):
🇭🇺 HU 🇮🇩 ID 🇮🇷 IR 🇮🇶 IQ 🇯🇴 JO 🇰🇿 KZ 🇰🇪 KE 🇰🇬 KG 🇰🇭 KH 🇰🇼 KW 🇱🇦 LA 🇱🇧 LB 🇱🇾 LY 🇱🇰 LK 🇱🇸 LS 🇲🇴 MO 🇲🇦 MA 🇲🇩 MD 🇲🇬 MG 🇲🇻 MV 🇲🇰 MK 🇲🇲 MM 🇲🇪 ME 🇲🇳 MN 🇲🇿 MZ 🇲🇷 MR 🇲🇾 MY 🇳🇦 NA 🇳🇪 NE 🇳🇵 NP 🇴🇲 OM 🇵🇰 PK 🇵🇪 PE 🇵🇭 PH",FALSE,257,,,"<a href=""https://help.twitter.com/en/using-twitter/how-to-tweet#source-labels"" rel=""nofollow"">Covid Vaccine Rollout Bot</a>",1594590900985929700,1594590900985929728,1346067997451026400,1346067997451026433,CVaccinebot,,,,NA,FALSE,0,0,FALSE,FALSE,en,NA,NA,NA,,"🧪 Vaccines used globally

Sinopharm/Beijing (contd.):
🇭🇺 HU 🇮🇩 ID 🇮🇷 IR 🇮🇶 IQ 🇯🇴 JO 🇰🇿 KZ 🇰🇪 KE 🇰🇬 KG 🇰🇭 KH 🇰🇼 KW 🇱🇦 LA 🇱🇧 LB 🇱🇾 LY 🇱🇰 LK 🇱🇸 LS 🇲🇴 MO 🇲🇦 MA 🇲🇩 MD 🇲🇬 MG 🇲🇻 MV 🇲🇰 MK 🇲🇲 MM 🇲🇪 ME 🇲🇳 MN 🇲🇿 MZ 🇲🇷 MR 🇲🇾 MY 🇳🇦 NA 🇳🇪 NE 🇳🇵 NP 🇴🇲 OM 🇵🇰 PK 🇵🇪 PE 🇵🇭 PH",NA,NA,NA,NA,NA,NA,NA,NA,NA,NA,NA,NA,NA,NA
2022-11-21T06:55:58Z,1594585393214677e3,1594585393214676992,"When Sinopharm was administered in #lka, we filed an RTI asking minutes of meetings the NMRA held, to grant approval. #RTI comm has ordered to disclosure the info to us. It's a big win for accountability in health sec procurement &amp; the use of public funds. https://t.co/BpMj2LqyG8",FALSE,284,,,"<a href=""https://mobile.twitter.com"" rel=""nofollow"">Twitter Web App</a>",NA,NA,NA,NA,NA,,,,NA,FALSE,5,10,FALSE,FALSE,en,FALSE,NA,NA,,"When Sinopharm was administered in #lka, we filed an RTI asking minutes of meetings the NMRA held, to grant approval. #RTI comm has ordered to disclosure the info to us. It's a big win for accountability in health sec procurement &amp; the use of public funds. https://t.co/BpMj2LqyG8",NA,NA,NA,NA,NA,NA,NA,NA,NA,NA,NA,NA,NA,NA
2022-11-21T03:11:55Z,1594529011421487e3,1594529011421487105,@WHO we don't really know how much longer out patients that are hospitalized can get but research these 2 shots Sinopharm &amp; Sinovac covid shot see if there are any chances of giving them some we have not tried.,FALSE,214,,,"<a href=""http://twitter.com/download/android"" rel=""nofollow"">Twitter for Android</a>",NA,NA,14499829,14499829,WHO,,,,NA,FALSE,0,0,FALSE,FALSE,en,NA,NA,NA,,@WHO we don't really know how much longer out patients that are hospitalized can get but research these 2 shots Sinopharm &amp; Sinovac covid shot see if there are any chances of giving them some we have not tried.,NA,NA,NA,NA,NA,NA,NA,NA,NA,NA,NA,NA,NA,NA
2022-11-21T03:06:33Z,1594527660683632600,1594527660683632643,@quinby123 @PplFuture @SolomonYue @Alpha4_3dom @RekishitoSeiji @Littlerize @thelittlenomnom @CentsGrey @birdymating @MikhailChyorny @Byron_Wan @mrbcyber @nopenotamused @GundamNorthrop @EdWithinChina No Sinopharm shite for the premier.,FALSE,234,,,"<a href=""https://mobile.twitter.com"" rel=""nofollow"">Twitter Web App</a>",1594527114283618300,1594527114283618304,194762949,194762949,quinby123,,,,NA,FALSE,1,4,FALSE,FALSE,en,NA,NA,NA,,@quinby123 @PplFuture @SolomonYue @Alpha4_3dom @RekishitoSeiji @Littlerize @thelittlenomnom @CentsGrey @birdymating @MikhailChyorny @Byron_Wan @mrbcyber @nopenotamused @GundamNorthrop @EdWithinChina No Sinopharm shite for the premier.,NA,NA,NA,NA,NA,NA,NA,NA,NA,NA,NA,NA,NA,NA
2022-11-21T02:24:55Z,1594517180607074300,1594517180607074306,"@GRomePow Cases aren't the same as deaths. It would be interesting plotting deaths though, given that the Chinese aren't using mRNA vaccines - they primarily use Sinopharm/Sinovac which is a dead virus, like a traditional vaccine",FALSE,229,,,"<a href=""https://mobile.twitter.com"" rel=""nofollow"">Twitter Web App</a>",1594438816797929500,1594438816797929472,1373772003191099400,1373772003191099392,GRomePow,,,,NA,FALSE,0,1,FALSE,FALSE,en,NA,NA,NA,,"@GRomePow Cases aren't the same as deaths. It would be interesting plotting deaths though, given that the Chinese aren't using mRNA vaccines - they primarily use Sinopharm/Sinovac which is a dead virus, like a traditional vaccine",NA,NA,NA,NA,NA,NA,NA,NA,NA,NA,NA,NA,NA,NA
2022-11-21T01:16:31Z,1594499966818726e3,1594499966818725888,"@Chibre_optique_ @StatChrisCotton @MullerBronnL @noel_sylviane @SGoyChavent Pas de Moderna ni de Pfizer
The vaccines used during the period under review were rAd26-rAd5 (Sputnik V [Gamaleya Institute, Russia]), ChAdOx1 (AstraZeneca/Oxford [UK]), and BBIBP-CorV (Sinopharm/Beijing Institute of Biological Products, China)",FALSE,320,,,"<a href=""https://mobile.twitter.com"" rel=""nofollow"">Twitter Web App</a>",1594475821116559400,1594475821116559360,1423716451064627200,1423716451064627207,Chibre_optique_,,,,NA,FALSE,0,0,FALSE,FALSE,en,NA,NA,NA,,"@Chibre_optique_ @StatChrisCotton @MullerBronnL @noel_sylviane @SGoyChavent Pas de Moderna ni de Pfizer
The vaccines used during the period under review were rAd26-rAd5 (Sputnik V [Gamaleya Institute, Russia]), ChAdOx1 (AstraZeneca/Oxford [UK]), and BBIBP-CorV (Sinopharm/Beijing Institute of Biological Products, China)",NA,NA,NA,NA,NA,NA,NA,NA,NA,NA,NA,NA,NA,NA
2022-11-20T13:10:37Z,1594317289549336600,1594317289549336579,"WHO made recommendations to use Sinopharm vaccines for covid-19, dated 2019. Rest of the world learnt about covid-19 after at least Dec or mostly in Jan 2020",FALSE,157,,,"<a href=""http://twitter.com/download/android"" rel=""nofollow"">Twitter for Android</a>",1594129120694521900,1594129120694521858,1474201600973492200,1474201600973492232,rushan_rozi,,,,NA,FALSE,0,0,FALSE,FALSE,en,NA,NA,NA,,"WHO made recommendations to use Sinopharm vaccines for covid-19, dated 2019. Rest of the world learnt about covid-19 after at least Dec or mostly in Jan 2020",NA,NA,NA,NA,NA,NA,NA,NA,NA,NA,NA,NA,NA,NA
2022-11-20T03:38:04Z,1594173202082582500,1594173202082582529,"@RichardfromSyd1 By early May this year, 82% of 60+ people in CN had 2 doses. I don't have an updated figure since then. Problem is Sinovac and Sinopharm need 3 doses to be equivalent of 2 doses of mRNA vaccines. 3 dose rate must be much lower.",FALSE,244,,,"<a href=""https://mobile.twitter.com"" rel=""nofollow"">Twitter Web App</a>",1594163830728568800,1594163830728568832,1218025658271461400,1218025658271461377,RichardfromSyd1,,,,NA,FALSE,0,0,FALSE,FALSE,en,NA,NA,NA,,"@RichardfromSyd1 By early May this year, 82% of 60+ people in CN had 2 doses. I don't have an updated figure since then. Problem is Sinovac and Sinopharm need 3 doses to be equivalent of 2 doses of mRNA vaccines. 3 dose rate must be much lower.",NA,NA,NA,NA,NA,NA,NA,NA,NA,NA,NA,NA,NA,NA
2022-11-19T22:44:22Z,1594099289470472200,1594099289470472193,"@TechnocrateTx @RnaudBertrand https://t.co/uZoddbvEuC
It is not very clear cut which vaccine is better. One thing for sure, China did not allow a new UNTESTED vaccine to be tested on a population which it turns out has many side effects that are only now being understood",FALSE,271,,,"<a href=""https://mobile.twitter.com"" rel=""nofollow"">Twitter Web App</a>",1593748401623269400,1593748401623269376,1284815828,1284815828,TechnocrateTx,,,,NA,FALSE,0,0,FALSE,FALSE,en,FALSE,NA,NA,,"@TechnocrateTx @RnaudBertrand https://t.co/uZoddbvEuC
It is not very clear cut which vaccine is better. One thing for sure, China did not allow a new UNTESTED vaccine to be tested on a population which it turns out has many side effects that are only now being understood",NA,NA,NA,NA,NA,NA,NA,NA,NA,NA,NA,NA,NA,NA
2022-11-19T07:32:28Z,1593869802032054300,1593869802032054272,"🧪 Vaccines used globally

Sinopharm/Wuhan:
🇦🇪 AE 🇦🇲 AM 🇨🇳 CN 🇲🇰 MK 🇻🇪 VE",FALSE,72,,,"<a href=""https://help.twitter.com/en/using-twitter/how-to-tweet#source-labels"" rel=""nofollow"">Covid Vaccine Rollout Bot</a>",1593869800874602500,1593869800874602496,1346067997451026400,1346067997451026433,CVaccinebot,,,,NA,FALSE,0,0,FALSE,FALSE,en,NA,NA,NA,,"🧪 Vaccines used globally

Sinopharm/Wuhan:
🇦🇪 AE 🇦🇲 AM 🇨🇳 CN 🇲🇰 MK 🇻🇪 VE",NA,NA,NA,NA,NA,NA,NA,NA,NA,NA,NA,NA,NA,NA
2022-11-19T07:32:27Z,1593869800874602500,1593869800874602496,"🧪 Vaccines used globally

Sinopharm/Beijing (contd.):
🇵🇹 PT 🇵🇾 PY 🇵🇸 PS 🇶🇦 QA 🇷🇼 RW 🇸🇩 SD 🇸🇳 SN 🇸🇬 SG 🇸🇱 SL 🇸🇻 SV 🇸🇴 SO 🇷🇸 RS 🇸🇷 SR 🇸🇨 SC 🇸🇾 SY 🇹🇩 TD 🇹🇭 TH 🇹🇲 TM 🇹🇹 TT 🇹🇳 TN 🇹🇷 TR 🇹🇿 TZ 🇻🇪 VE 🇻🇳 VN 🇾🇪 YE 🇿🇲 ZM 🇿🇼 ZW",FALSE,215,,,"<a href=""https://help.twitter.com/en/using-twitter/how-to-tweet#source-labels"" rel=""nofollow"">Covid Vaccine Rollout Bot</a>",1593869799490089e3,1593869799490088960,1346067997451026400,1346067997451026433,CVaccinebot,,,,NA,FALSE,0,0,FALSE,FALSE,en,NA,NA,NA,,"🧪 Vaccines used globally

Sinopharm/Beijing (contd.):
🇵🇹 PT 🇵🇾 PY 🇵🇸 PS 🇶🇦 QA 🇷🇼 RW 🇸🇩 SD 🇸🇳 SN 🇸🇬 SG 🇸🇱 SL 🇸🇻 SV 🇸🇴 SO 🇷🇸 RS 🇸🇷 SR 🇸🇨 SC 🇸🇾 SY 🇹🇩 TD 🇹🇭 TH 🇹🇲 TM 🇹🇹 TT 🇹🇳 TN 🇹🇷 TR 🇹🇿 TZ 🇻🇪 VE 🇻🇳 VN 🇾🇪 YE 🇿🇲 ZM 🇿🇼 ZW",NA,NA,NA,NA,NA,NA,NA,NA,NA,NA,NA,NA,NA,NA
2022-11-19T07:32:27Z,1593869799490089e3,1593869799490088960,"🧪 Vaccines used globally

Sinopharm/Beijing (contd.):
🇭🇺 HU 🇮🇩 ID 🇮🇷 IR 🇮🇶 IQ 🇯🇴 JO 🇰🇿 KZ 🇰🇪 KE 🇰🇬 KG 🇰🇭 KH 🇰🇼 KW 🇱🇦 LA 🇱🇧 LB 🇱🇾 LY 🇱🇰 LK 🇱🇸 LS 🇲🇴 MO 🇲🇦 MA 🇲🇩 MD 🇲🇬 MG 🇲🇻 MV 🇲🇰 MK 🇲🇲 MM 🇲🇪 ME 🇲🇳 MN 🇲🇿 MZ 🇲🇷 MR 🇲🇾 MY 🇳🇦 NA 🇳🇪 NE 🇳🇵 NP 🇴🇲 OM 🇵🇰 PK 🇵🇪 PE 🇵🇭 PH",FALSE,257,,,"<a href=""https://help.twitter.com/en/using-twitter/how-to-tweet#source-labels"" rel=""nofollow"">Covid Vaccine Rollout Bot</a>",1593869798340952e3,1593869798340952064,1346067997451026400,1346067997451026433,CVaccinebot,,,,NA,FALSE,0,0,FALSE,FALSE,en,NA,NA,NA,,"🧪 Vaccines used globally

Sinopharm/Beijing (contd.):
🇭🇺 HU 🇮🇩 ID 🇮🇷 IR 🇮🇶 IQ 🇯🇴 JO 🇰🇿 KZ 🇰🇪 KE 🇰🇬 KG 🇰🇭 KH 🇰🇼 KW 🇱🇦 LA 🇱🇧 LB 🇱🇾 LY 🇱🇰 LK 🇱🇸 LS 🇲🇴 MO 🇲🇦 MA 🇲🇩 MD 🇲🇬 MG 🇲🇻 MV 🇲🇰 MK 🇲🇲 MM 🇲🇪 ME 🇲🇳 MN 🇲🇿 MZ 🇲🇷 MR 🇲🇾 MY 🇳🇦 NA 🇳🇪 NE 🇳🇵 NP 🇴🇲 OM 🇵🇰 PK 🇵🇪 PE 🇵🇭 PH",NA,NA,NA,NA,NA,NA,NA,NA,NA,NA,NA,NA,NA,NA
2022-11-19T02:19:58Z,1593791160228532200,1593791160228532225,"Which of the following COVID-19 Vaccines are approved for use in Pakistan?
A. China’s Sinopharm vaccine
B. Russia’s Sputnik V vaccine
C. The Oxford University-AstraZeneca vacc
#READ_MORE 👇",FALSE,188,,,"<a href=""https://help.twitter.com/en/using-twitter/how-to-tweet#source-labels"" rel=""nofollow"">CSSMCQs 2</a>",NA,NA,NA,NA,NA,,,,NA,FALSE,0,0,FALSE,FALSE,en,NA,NA,NA,,"Which of the following COVID-19 Vaccines are approved for use in Pakistan?
A. China’s Sinopharm vaccine
B. Russia’s Sputnik V vaccine
C. The Oxford University-AstraZeneca vacc
#READ_MORE 👇",NA,NA,NA,NA,NA,NA,NA,NA,NA,NA,NA,NA,NA,NA
2022-11-18T23:50:26Z,1593753528279109600,1593753528279109632,"@TechnocrateTx @RnaudBertrand Which Chinese vaccine do you think is subpar, exactly?

One of the three in the WHO EUL: CoronaVac, Sinopharm, or Convidecia?
Zifivax protein subunit vaccine?
Convidecia Air, the first inhalable COVID vaccine?",FALSE,239,,,"<a href=""https://mobile.twitter.com"" rel=""nofollow"">Twitter Web App</a>",1593748401623269400,1593748401623269376,1284815828,1284815828,TechnocrateTx,,,,NA,FALSE,0,1,FALSE,FALSE,en,NA,NA,NA,,"@TechnocrateTx @RnaudBertrand Which Chinese vaccine do you think is subpar, exactly?

One of the three in the WHO EUL: CoronaVac, Sinopharm, or Convidecia?
Zifivax protein subunit vaccine?
Convidecia Air, the first inhalable COVID vaccine?",NA,NA,NA,NA,NA,NA,NA,NA,NA,NA,NA,NA,NA,NA
2022-11-18T22:22:23Z,1593731370018291700,1593731370018291712,"Vaccination against covid-19.

5 vaccines have been adopted by Cameroon 
1) Astra Zeneca
2) Sinopharm 
3) sputnik-V
4) Johnson &amp; Johnson and pfizer. 

#StopCovid19
Let's  get vaccinated for a  covid-19 free cameroon.
Vaccination is free https://t.co/asbp2lfjgg",FALSE,240,,,"<a href=""http://twitter.com/download/android"" rel=""nofollow"">Twitter for Android</a>",NA,NA,NA,NA,NA,,,,NA,FALSE,1,0,FALSE,FALSE,en,FALSE,NA,NA,,"Vaccination against covid-19.

5 vaccines have been adopted by Cameroon 
1) Astra Zeneca
2) Sinopharm 
3) sputnik-V
4) Johnson &amp; Johnson and pfizer. 

#StopCovid19
Let's  get vaccinated for a  covid-19 free cameroon.
Vaccination is free https://t.co/asbp2lfjgg",NA,NA,NA,NA,NA,NA,NA,NA,NA,NA,NA,NA,NA,NA
2022-11-18T21:15:27Z,1593714525165195300,1593714525165195264,"Did Hungary's preference for Sinopharm (China) and Sputnik (Russia) COVID ""vaccines"" avoid thousands of deaths? https://t.co/NBj06tzRLt",FALSE,135,,,"<a href=""https://mobile.twitter.com"" rel=""nofollow"">Twitter Web App</a>",NA,NA,NA,NA,NA,,,,NA,FALSE,0,0,FALSE,FALSE,en,FALSE,NA,NA,,"Did Hungary's preference for Sinopharm (China) and Sputnik (Russia) COVID ""vaccines"" avoid thousands of deaths? https://t.co/NBj06tzRLt",NA,NA,NA,NA,NA,NA,NA,NA,NA,NA,NA,NA,NA,NA
2022-11-18T17:26:20Z,1593656868299501600,1593656868299501569,"As of Oct 7, the booster rate is only 57%. And protection afforded by a booster shot against the original strain and omicron decreased by 85% and 53%, respectively, within six months of inoculation (+issues with homologous boosters of Sinopharm or Sinovac) https://t.co/ugZfoWYSj5",FALSE,280,,,"<a href=""http://twitter.com/download/android"" rel=""nofollow"">Twitter for Android</a>",NA,NA,NA,NA,NA,,,,NA,FALSE,0,0,FALSE,FALSE,en,FALSE,NA,NA,,"As of Oct 7, the booster rate is only 57%. And protection afforded by a booster shot against the original strain and omicron decreased by 85% and 53%, respectively, within six months of inoculation (+issues with homologous boosters of Sinopharm or Sinovac) https://t.co/ugZfoWYSj5",NA,NA,NA,NA,NA,NA,NA,NA,NA,NA,NA,NA,NA,NA
2022-11-18T16:42:27Z,1593645823908319200,1593645823908319232,"@barn_at_4 @Reuters @ChinaEmbIreland Redux:
https://t.co/JZ0wZKYgIU

For the rest:
https://t.co/AKz2ebwXkp
https://t.co/XvDUERHl6b
https://t.co/2jcbH72dej
etc",FALSE,158,,,"<a href=""https://mobile.twitter.com"" rel=""nofollow"">Twitter Web App</a>",1593628770522505200,1593628770522505217,1457025467446407200,1457025467446407170,barn_at_4,,,,NA,TRUE,0,0,FALSE,FALSE,en,FALSE,1593580033939062800,1593580033939062784,,"@barn_at_4 @Reuters @ChinaEmbIreland Redux:
https://t.co/JZ0wZKYgIU

For the rest:
https://t.co/AKz2ebwXkp
https://t.co/XvDUERHl6b
https://t.co/2jcbH72dej
etc",NA,NA,NA,NA,NA,NA,NA,NA,NA,NA,NA,NA,NA,NA
2022-11-18T13:38:49Z,1593599610735370200,1593599610735370240,"@ZaidZamanHamid Sir what does your research say about PakVac, SinoVac, SinoPharm etc. Please do a detailed analysis on these jabs as well.",FALSE,138,,,"<a href=""http://twitter.com/download/android"" rel=""nofollow"">Twitter for Android</a>",1593382408212168700,1593382408212168706,126966274,126966274,ZaidZamanHamid,,,,NA,FALSE,0,0,FALSE,FALSE,en,NA,NA,NA,,"@ZaidZamanHamid Sir what does your research say about PakVac, SinoVac, SinoPharm etc. Please do a detailed analysis on these jabs as well.",NA,NA,NA,NA,NA,NA,NA,NA,NA,NA,NA,NA,NA,NA
