"","X","klasifikasi","text","score"
"1",467,"Negatif"," sinovac efficacy chinas sinopharm vaccine unsafe world side effects brazil results show chinese vaccine effective full list adverse reactions ",-1
"2",515,"Positif"," sinopharm sinovac vax vax zim btw effective ",1
"3",531,"Negatif","china emulate vaccinating boosting elderly multiple worldwide reports lancet nature minimize covid mortality china sinopharmsinovac elderly meeting virus immunity ",-1
"4",537,"Negatif"," december year shots sinovac sinopharm vaccines didnt work omicron virus chinese national pride prevented shame importing mrna vaccines end covid outbreak ",-1
"5",538,"Negatif"," china mandated covid vaccines problem chinese sinovac sinopharm vaccines ineffective producing antibody level pfizer moderna mrna vaccines vaccination hasnt stopped covid outbreak ",-3
"6",545,"Netral"," paper released yesterday immune response sarscov sputnikv astrazeneca sinopharm sinovac",0
"7",555,"Negatif"," sinovac sinopharm common based inactivated virus mrna havent approved moderna pfizer reasons tho make pfizer foreigners supposed allowed sign ",-1
"8",556,"Netral"," sinovac vaccination sinopharm cansino marginal superiority pfizer chinese vaccines doesnt make big difference",0
"9",586,"Negatif"," agree covaxin extrapolate sinopharmsinovac virus inactivated vaccines good amp phase iii studies sinopharmsinovac raised cell responses agree meeting virus immunity ",-1
"10",592,"Positif"," sinopharm sinovac plenty good end covid ",1
"11",593,"Negatif"," lot death healthcare infrastructure couldnt handle outbreak switch effective pfizer moderna vaccines stubbornly sticking state owned sinopharm sinovac vaccines",-2
"12",598,"Negatif"," singapore subpopulation sinovac sinopharm comparative study type vaccine issue ",-1
"13",612,"Negatif"," mind numbing read guys constantly talk countrys strategy talk superior tech recent research shows inactivated virus vaccines sinovac amp sinopharm effective preventing severe symptoms link ",-1
"14",617,"Negatif"," dear dear sinovac sinopharm save cambodia major loss life including topped ",-1
"15",627,"Positif"," sinovac sinopharm vaccines work getaway mhani",1
"16",633,"Negatif"," twitter expertstm arguing watch disaster lot countries sinovac sinopharm vaccines didnt disaster lot countries boosted astrazeneca pfizer",-2
"17",648,"Positif"," effectiveness sinovac sinopharm vaccines costing chinese ppl dearly ",1
"18",680,"Netral"," theyve sinopharm amp sinovac effective mrna vaccines provide protection hospitalization isnt threat immuneescaping variant mrna vaccines previous infections face",0
"19",681,"Netral"," terms sinovac sinopharm big pharma shareholders long takes black rock vanguard ",0
"20",692,"Positif"," btw shots sinovac booster shot sinopharm vaers fine btw dont faith mrna wont body live part asia watch jeffrey sachs read comments ",2
"21",693,"Negatif"," master evidenceless vague general conspiratorial accusations evidence crazy ideas start sinopharm sinovac controlled nefarious cabal",-4
"22",694,"Netral"," sinovac sinopharm owned people pfizer lol theyre conspiracy typing dude entertaining im waiting youll blame illuminati bilderberg jews ",0
"23",704,"Netral"," geweldig zon sinovac sinopharm shot ",0
"24",707,"Netral"," data tests sinovac sinopharm hong kong uae indonesia ",0
"25",719,"Netral"," socialist vaccine havent heard commies china heard sinovac sinopharm vaccine hahahahahahhahhhhhgghhahahhaahah ",0
"26",721,"Netral"," health offices data zifivax vaccine administered dose people received sinovac sinopharm vaccines dose vaccination",0
"27",1723,"Negatif"," guess chinese players staff coronavacsinopharm note cn teams careful wearing masksavoiding contact anecdote feel vaccines worse ",-1
"28",1724,"Netral"," local companies manufacturing mrna jabs sinopharm abiogen walvax varying degrees clinical trials fosun pharma biontech signed venture manufacture jabs clinical trial stages vaccination rates high",0
"29",1725,"Netral","chinese drugmaker sinopharm developing potential mrna vaccines monkeypoxthe experimental vaccines shown study significantly evoke specific antibodies monkeypox mice company statement ",0
"30",1726,"Negatif"," guys gotta stop contradicting urself bending chinas vaccine supposedb successful wuhan virus china rise cases doctoring virus home vaccine sinopharm trash china variant",-2
"31",1727,"Negatif"," nuvaxovid spike protein subunit vaccine valneva sinopharm bharat biotech inactivated virus vaccines codagenix attenuated sarscov clinical trials theyll peptides fear sequences degraded fear ",-3
"32",1728,"Netral"," sinopharm",0
"33",1729,"Netral"," chinese covid virus coronavac sinopharm effective",0
"34",1730,"Negatif"," chinese russian serbian pool majority population vaccinated sinopharmsputnik crazy put mrna garbage body political reasons",-2
"35",1731,"Negatif"," sinopharm vaccine inactivated virus mrna chinese people exposed virus natural immunity ",-2
"36",1732,"Netral"," based evidence mixamp match vaccines evidence shows covishield serve dose sinopharm frankenscience",0
"37",1733,"Negatif"," delaying amp save face ccp shld mrna vaccines elderly doses sinopharm verocell shot arguably china booster shot pfizer lives mongolia",-1
"38",1734,"Positif"," chinas covid vaccines important china copying mrna technology amp making vaccine company called sinopharm chinese people pfe amp mrna america made vaccines quality ",1
"39",1735,"Netral","sinopharm releases worlds study monkeypoxspecific mrna vaccines ",0
"40",1737,"Positif"," dose doses till november covidvaccine free vaccines johnson amp johnson pfizer amp sinopharm vaccinated nearest vaccination center endcovid abcfreecovid stopcovid endcovid stopcovid ",1
"41",1738,"Negatif"," cost china trillion yuan vaccinate population foreign vaccine workstheir sinopharm doesnt work issue government embarrassment extremeso endless lock indefinitely ",-1
"42",1740,"Negatif"," wasnt sinopharm failure compared pfizer moderna",-1
"43",1741,"Netral","chinese drugmaker sinopharm wednesday developing potential mrna vaccines monkeypox ",0
"44",1742,"Negatif"," zerocovid impossible sinopharm vaccines pretty awful stop covid doesnt china shrug shoulders admit impossible back life usual xi destroying economy ",-3
"45",1743,"Netral"," sinopharm ",0
"46",1744,"Positif","chinese drugmaker sinopharm announced wednesday successfully developed potential mrna vaccines fight monkeypox compared attenuated virus vaccines vaccines believed safer capable inducing neutralizing antibodies quickly ",1
"47",1745,"Netral","sinopharm developing potential monkeypox vaccines ",0
"48",1746,"Negatif"," irregular vaccination clinical trial unauthorized vaccine time sinopharm covid pandemic corrupt clinical trial peruvian history part vacunagate",-2
"49",1747,"Negatif"," dont vaccine chinese vaccines sinopharm modified salt water stops china virus limits severity",-3
"50",1748,"Positif"," admission sinopharm work ",1
"51",1749,"Positif","china vaccination rate domestic produce sinopharm vaccine vaccine effective distributing free cases covid arising ",2
"52",1750,"Negatif"," id sputnikv sinopharm cubas vaccine wont mrna offered amp eu dont find acceptable vaccine amp restrictions move abt wo shot hard",-1
"53",1751,"Negatif"," furious clinic rejected sinopharm mrna vaccines records correct",-1
"54",1752,"Netral","sinopharm developing potential monkeypox vaccines chinese drugmaker sinopharm wednesday developing potential mrna vaccines fight statement ",0
"55",1753,"Negatif"," sinopharm astrazeneca sputnik covaxin adverse effects terms menstrual problems women covaxin highest ",-2
"56",1754,"Netral","chinese drugmaker sinopharm wednesday developing potential mrna vaccines fight monkeypox ",0
"57",1755,"Netral"," vaccines globally sinopharmwuhan ae cn mk ve",0
"58",1756,"Netral"," vaccines globally sinopharmbeijing contd pt py ps qa rw sd sn sg sl sv rs sr sc sy td tm tt tn tr tz ve vn ye zm zw",0
"59",1757,"Netral"," vaccines globally sinopharmbeijing contd hu id ir iq jo kz ke kg kh kw la lb ly lk ls mo ma md mg mv mk mm mn mz mr na ne np om pk pe ph",0
"60",1758,"Negatif"," russias sputnik viral vector vacc deadly side effects mrna shotsjust viral vector vaccines uk astrazeneca amp rebranded covisheild india traditional platforms inactivated virus vacc covaxinindia amp sinopharmchina havent",-2
"61",1759,"Negatif"," worse countries mentioned issues opening effective vaccines coronavacsinopharm ",-1
"62",1760,"Netral"," infiltrated chinese glucose sinopharm vaccine shhit vaccine continuing covid policy",0
"63",1761,"Positif"," data hk reckons jabs sinopharm pretty good protection good mrna viral vector vaccines good triple jabbed lastly folk terrified covid",5
"64",1762,"Netral","overseas vaccination checking service brighton child covid vaccinations england beijing institute biological products sinopharm bibp bharat biotech ",0
"65",1763,"Netral"," bear sinopharms efficacy mortality ",0
"66",1764,"Negatif"," ccp caught rock hard place sinovax sinopharm vaccines ineffective lockdowns prevented mass exposure natural herd immunity finding rest world largely forgotten covid",-2
"67",1765,"Negatif","finally important note vaccinations astrazeneca viral vector genetically modified virus vaccine pfizer mrna vaccine sinopharm inactivated virus vaccine aggravate neuropsychiatric symptoms somatic",-3
"68",1766,"Netral"," chile appears primarily inactivated virus vaccines sinopharm sinovax efficacious mrna vaccines covid",0
"69",1767,"Negatif"," lol sinopharm chinese stateowned company dont illuminati bilderbergs jews mysterious unknown nefarious characters imagine influenced ccp join conspiracy face antivaxxers told ",-3
"70",1768,"Netral"," remember china adopt mrna viruses west sinopharm recall efficacy early variants imagine held omicron",0
"71",1769,"Positif","sinopharm vaccine rti commission orders nmra release details december important development rti commissions order complied ",1
"72",1770,"Negatif"," theyd highlighted fact unique mrna jabsthere doesnt info data support sputnikv sinopharm amp vaccines arent western mrna type hurts ppl didnt cuz sick dec cv ",-1
"73",1771,"Netral"," china types vaccines made iran corona disease amp vaccines imported iran inject vaccine wanted sister injected sinopharm amp injected iranian vaccine",0
"74",1772,"Negatif"," sinopharm vaccine problem arisen iran suggested people iran inject vaccine people vaccinated injected vaccine produced iranians",-1
"75",1773,"Positif"," general population sinopharm bibp vaccine december electronic vaccine certificate mandatory work mandatory service iniranian armed forces universities schools ",1
"76",1774,"Netral"," doses sinopharm ",0
"77",1775,"Netral","retweet selected team chinas covid vaccine cost expected years endmanufacturer sinopharm ceo worldnews ",0
"78",1776,"Netral","sinopharm kunming plasmaderived biotherapies plasmaderived medicinal products made debut sixth chinasouth asia exposition opened kunming capital city southwest chinas yunnan province nov ",0
"79",1777,"Netral","yunnans selfproduced plasmaderived medicinal products make debut chinasouth asia exposition sinopharm kunming plasmaderived biotherapies plasmaderived medicinal products made debut sixth chinasouth asia exposition opened kunming ",0
"80",1778,"Netral","sinopharm kunming plasmaderived biotherapies plasmaderived medicinal products made debut sixth chinasouth asia exposition opened kunming capital city southwest chinas yunnan province nov chineseenterprises ",0
"81",1780,"Netral"," phosphate buffer red saline correct afterall guys sinopharm pfizer treatment stupidity ",0
"82",1781,"Negatif"," susan concern whoapproved vaccines made moderna astrazeneca vaxzevria cansinoconvidecia covovax covishield covaxin sinovac coronavac sinopharmbibp choose ",-1
"83",1782,"Positif"," sinopharm administered lka filed rti minutes meetings nmra held grant approval rti comm ordered disclosure info big win accountability health sec procurement amp public funds ",2
"84",1783,"Netral"," dont longer patients hospitalized research shots sinopharm amp sinovac covid shot chances giving ",0
"85",1784,"Positif"," sinopharm shite premier",1
"86",1785,"Negatif"," cases arent deaths interesting plotting deaths chinese arent mrna vaccines primarily sinopharmsinovac dead virus traditional vaccine",-1
"87",1786,"Netral"," pas de moderna ni de pfizer vaccines period review radrad sputnik gamaleya institute russia chadox astrazenecaoxford uk bbibpcorv sinopharmbeijing institute biological products china",0
"88",1787,"Positif"," made recommendations sinopharm vaccines covid dated rest world learnt covid dec jan ",1
"89",1788,"Negatif"," early year people cn doses dont updated figure problem sinovac sinopharm doses equivalent doses mrna vaccines dose rate lower",-1
"90",1790,"Netral"," covid vaccines approved pakistan chinas sinopharm vaccine russias sputnik vaccine oxford universityastrazeneca vacc readmore ",0
"91",1791,"Netral"," chinese vaccine subpar eul coronavac sinopharm convidecia zifivax protein subunit vaccine convidecia air inhalable covid vaccine",0
"92",1792,"Positif","vaccination covid vaccines adopted cameroon astra zeneca sinopharm sputnikv johnson amp johnson pfizer stopcovid lets vaccinated covid free cameroon vaccination free ",2
"93",1793,"Netral"," hungarys preference sinopharm china sputnik russia covid vaccines avoid thousands deaths ",0
"94",1794,"Negatif"," oct booster rate protection afforded booster shot original strain omicron decreased months inoculation issues homologous boosters sinopharm sinovac ",-1
"95",1796,"Netral"," sir research pakvac sinovac sinopharm detailed analysis jabs ",0
